title,advance_notice,advance_notice_information,amount_articles,amount_articles_information,amount_issues,amount_issues_information,available_on,date_end,date_end_converted,date_start,date_start_converted,further_information,issues,language_1,language_2,language_3,language_information,origin,platform,publisher_1,publisher_2,publisher_3,special_issues,special_issues_information,text_size_kb
Amber,True,"Amber #0
""(sowie der kurze, animierte Ankündigungstext Amber #0, der im Dezember 1998) [sic!] erschien)"" Volko S. 4",,,2,,scene.org,12.1999,01.12.1999,6.1999,01.06.1999,"""Die Textmenge [von Amber #1, MM] betrug 450 Kilobyte und war von etwa 20 Autoren geschrieben worden."" Volko S. 4","Amber #1, Amber #2",English,,,,Poland,DOSBox,Dj Regal von den Gruppen Altair und Tatanka,Misha von Tatanka,,,,
Amnesia,False,,35,,1,,scene.org,3.1999,01.03.1999,3.1999,01.03.1999,"""Obwohl es ein Demoszene-Diskmag sein soll, enthält es auch viele Artikel über Hacking, Phreaking und Softwarepiraterie."" Volko S. 7
""250 Kilobyte Text enthält diese Ausgabe, was relativ viel dafür ist, dass Paranoid das meiste selbst geschrieben hat. Insgesamt sind es 35 Artikel."" Volko S. 7
""Die Zeitschrift stellt sich als schwarzes Fenster von einer Größe von 640x480 Pixeln dar, das in der Mitte des Bildschirms angezeigt wird."" Volko S. 7",Amnesia #1,English,,,,Irland,Windows,"Paranoid, einem früheren Mitglied der Gruppe Eclipse",,,,,250
Anothermag,False,,,,1,,scene.org,2.1998,01.02.1998,2.1998,01.02.1998,"""Auf modernen PCs läuft sie sogar ohne DOSBox."" Volko S. 10",Anothermag #1,English,,,,,DOSBox,Tobakk Porno und Fyrverkeri,Xcene,,,,
Armor of the Gods,False,,,,4,,scene.org,7.1998,01.07.1998,1997.0000,01.01.1997,"""Alles in allem enthält AOG #4 500 Kilobyte an Artikeln."" Volko S. 13",Armor oft the Gods #1 - #4,Russian,English,,"""Die ersten drei Ausgaben [...] lagen beinahe zur Gänze in russischer Sprache vor. Die vierte und letzte Ausgabe, herausgegeben von Programmer von Universe, hatte sowohl eine englische als auch eine russische Sektion."" Volko S. 12",Russia,DOSBox,Warhawk von der Gruppe Religion ,Programmer von Universe,,,,
Autark,True,"""(und die kleine Vorschau, die zwei Monate zuvor erschienen war)"" Volko S. 14",100,ca.,1,,scene.org,8.1996,01.08.1996,8.1996,01.08.1996,"""Der Code stammt von Prodatron, die Grafik von CiDER, und Musik wurde von The Rew von Nostalgia, KB und C.O.N.S. von N-Factor beigesteuert."" Volko S. 14
""Etwa 25 Personen haben Artikel beigetragen, darunter auch einige Nicht-Szener. Insgesamt enthält das Mag fast 600 Kilobyte an Texten in etwas weniger als 100 Artikeln."" Volko S. 15",Autark #1,German,English,,"""Autark #1 ist zweisprachig. Während die Szene-Rubrik hauptsächlich in Englisch vorliegt, ist die Politik-Ecke vorwiegend deutsch."", Volko S. 15",Germany,DOSBox,"deutsche Gruppe N-Facto, Chefredakteur: Diskhawk",,,,,600
Bad News,False,,,,4,(maybe more?),scene.org,1996.0000,01.01.1996,1995.0000,01.01.1995,"""Bad News #3 erschien im Oktober 1995 als gemeinsames Werk der drei Demogruppen Substance, Surprise!Productions und The Grid. Entwickelt wurde die Engine von Sebl von The Grid. Die Grafiken stammten von Sketch von Surprise!Productions und die Musik von Falcon von Substance, Key G von Substance, Raiden von Substance und Scorpik von Surprise!Productions. [...] Insgesamt waren es mehr als 800 Kilobyte an Artikeln, davon 100 Kilobyte auf Englisch."" Volko S. 16",Bad News #1 - #4,Polish,English,,"""Bad News war ein polnisches Diskmag, das in einigen Ausgaben auch eine englische Sektion enthielt."" Volko S. 16",Poland,DOSBox,Akira von Surprise!Productions,,,,,
Becanne,False,,,,4,,scene.org,2.2005,01.02.2005,2.2004,01.02.2004,"""Becanne war eine Zeitschrift im PDF-Format."" Volko S. 19
""Becanne #4 wurde im Februar 2005 veröffentlicht, ein Jahr nach der ersten Ausgabe. [… ] Der Umfang beträgt einschließlich Titel- und Rückseite 40 Seiten."" Volko S. 19
""Wie man im Editorial lesen kann, wollte Humphrey seinen Posten als Herausgeber und Chefredakteur abgeben, damit ein frischer Geist in das Magazin einziehen könne. Da jedoch niemand den Posten übernehmen wollte, wurde das Magazin eingestellt.""Volko S. 19",Becanne #1 - #4,Spanish,English,,"""die ersten drei Ausgaben [lagen, MM] in spanischer Sprache vor. Die vierte und letzte Ausgabe war in Englisch."" Volko S.19",,,Humphrey von der Gruppe Centolos,,,,,
Belgian Scene Report,False,,,,13,,scene.org,7.1998,01.07.1998,6.1995,01.06.1995,"""Belgian Scene Report erschien zuerst als einfache Textdatei. Nur die letzten drei Ausgaben, 11 bis 13, waren Diskmags im eigentlichen Sinn. Der Redakteur der ersten fünf Ausgaben war Bytemare. Ausgabe 6 wurde von Hacker gemacht und die restlichen Ausgaben von Baxter."" Volko S. 20
""Die meisten Ausgaben enthielten zwischen 30 und 50 Kilobyte an Texten."" Volko S. 20

For more information about the Diskmag Belgian Scene Report and its publication dates visit: https://demozoo.org/productions/tagged/belgian-scene-report/?dir=asc&page=1&order=title [27.04.2023]",Belgian Scene Report #1 - #13,English,,,,Belgium,DOSBox,Bytemare,von Hackern,Baxter,,,
Budyn,False,,,,2,(maybe more?),scene.org,1997.0000,01.01.1997,6.1996,01.06.1996,"""Budyn entstand durch Fusion der beiden polnischen Diskmags Smok und Izwestia."" Volko S. 21
""Budyn #2 vom Dezember 1997 war mit 2,4 Megabyte an Artikeln eines der umfangreichsten Diskmags aller Zeiten. In englischer Sprache lagen allerdings nur wenige vor (insgesamt 30 Stück)."" Volko S. 21","Budyn #1
Budyn #2",Polish,English,,"""Es ist vornehmlich in polnischer Sprache, aber die ersten beiden Ausgaben enthielten auch kleine englische Rubriken."" Volko S. 21",Poland,DOSBox,"Astra, vormals Herausgeber von Smok",,,,,
Bytes of Wisdom,False,,,,5,(maybe more?),scene.org,1998.0000,01.01.1998,nan,,"""Es gab nur elf Artikel [Bytes of Wisdom #5, MM], die 55 Kilobyte Text ausmachten."" Volko S. 23",Bytes of Wisdom #1 - #5,Slovenian,English,,"""Die ersten drei Ausgaben waren in slowenischer Sprache. Die Ausgaben 4 und 5 waren englisch."" Volko S. 23",Slovenia,DOSBox,slowenische Gruppe Septic ,,,,,
Byteshop,False,,,,2,,scene.org,5.2012,01.05.2012,9.2011,01.09.2011,"""Ursprünglich war es [Byteshop #1, MM] als 4k-Diskmag geplant gewesen. Letzten Endes wurde das Projekt umfangreicher, überstieg aber nicht die Größe von 64 Kilobyte. Die Engine war, obwohl das Diskmag aus dem Jahr 2011 stammte, für MS-DOS entwickelt worden und lief im Textmodus."" Volko S. 25
""Byteshop #2, Untertitel „Wary Warthog“"" Volko S. 25","Byteshop #1, Byteshop #2",English,,,,Russia,DOSBox,vom russischen Szener closed,,,,,
Caustic Verses,False,,,,1,,scene.org,1.1996,01.01.1996,1.1996,01.01.1996,,Caustic Verses #1,English,,,,Sweden,DOSBox,schwedische Gruppe Gash,"Solomon, Mitglied der Gruppe Gash"," Headcase, Mitglied der Gruppe Gash",,,
CFX News,False,,,,34,,,1998.0000,01.01.1998,12.1996,01.12.1996,"""CFX News war der Newsletter der Coders F/X BBS, einer BBS, die ihren Sitz in Aschkelon, Israel hatte. Er wurde vom Sysop, Civax von Moon Hunters, herausgegeben. 34 Ausgaben sind erschienen. Die erste Ausgabe am 28. Dezember 1996. Wie die meisten Newsletter bestand CFX News nur aus Text und hatte keine grafische Benutzeroberfläche. Der Text war aber gut formatiert und enthielt ansehnliche ASCII-Grafiken. Ab Ausgabe 26 gab es auch einen nichtgrafischen Textbetrachter, der aber in seiner Handhabung nicht sehr praktisch war."" Volko S. 27
""Die ersten Ausgaben von CFX, dem israelischen Pendant zu DemoNews, enthielten nur Ankündigungen und Statistiken. [...] Der erste Artikel tauchte in CFX News #13 auf. [...] CFX News #26 erschien zwei Monate nach der vorangegangenen Ausgabe und war die bis dahin umfangreichste Ausgabe. Während die Ausgaben davor höchstens zwei Artikel enthielten, gab es in dieser Ausgabe ganze neun Artikel. [...] Die meisten der Artikel waren eher kurz."" Volko S. 27f.",CFX News #1 - #34,English,,,,Israel,,Coders F/X BBS,"Sysop, Civax von Moon Hunters",,,,
Channel,True,"""Sie veröffentlichten eine komplette Ausgaben [sic!] und ein Intro mit Vorschau auf eine nie fertiggestellte zweite Ausgabe"" Volko S. 29",,,1,,scene.org,3.1994,01.03.1994,3.1994,01.03.1994,,Channel #1,Hungarian,English,,"""Die meisten Artikel sind in ungarischer Sprache, aber es gibt auch eine sehr kleine englische Rubrik."" Volko S. 29",Hungary,DOSBox,Gruppe Grif,,,,,
Cheese,False,,,,13,,scene.org,7.1997,01.07.1997,2.1996,01.02.1996,"""Cheese #1 wurde von der niederländischen Gruppe The KIP Brigade herausgegeben. Diese Gruppe löste sich nach Erscheinen der ersten Ausgabe auf. Die übrigen Ausgaben firmierten dann unter dem Gruppennamen The Cheese Team. Die meisten der 13 Ausgaben wurden von Multiplex zusammengestellt. Alle Ausgaben bis auf die vierte, die aus irgendeinem Grund verlorengegangen ist, sind auf scene.org erhältlich. Die meisten Ausgaben funktionieren mit DOSBox, bis auf die Ausgaben 10 und 11, bei denen es nicht möglich ist, den Mauscursor unter die Bildmitte zu bewegen."" Volko S. 30
""Das Diskmag erschien weitgehend in monatlichem Abstand, und die letzte Ausgabe kam im Juli 1997 heraus."" Volko S. 31",Cheese #1 - #13,English,,,,The Netherlands,DOSBox,niederländische Gruppe The KIP Brigade,The Cheese Team,,,,
Contrast,False,,,,3,,scene.org,12.1995,01.12.1995,12.1994,01.12.1994,,"Contrast #1, Contrast #2, Contrast #3",English,,,,Denmark,DOSBox,dänische Gruppe Purple,,,,,
Daskmig,False,,,,8,,scene.org,9.1995,01.09.1995,10.1994,01.10.1994,"""Die ersten fünf Ausgaben wurden von der Gruppe Independents herausgegeben, die sich in iSC umbenannte. Die drei letzten Ausgaben wurden von den Inferiors (INF) herausgebracht."" Volko S. 34
""Die Streitigkeiten mit Windy City erreichten einen neuerlichen Höhepunkt, was die Gruppe iSC demotivierte, weiter an ihrem Diskmag zu arbeiten. Die Redaktion hatte den Eindruck, dass die Leser nicht begriffen, dass das Magazin humorvoll gemeint war. Das mochte damit zusammenhängen, dass sämtliche Mitglieder zwischen 20 und 30 Jahre alt waren, also in einem Alter, in dem man einigermaßen seriöses Auftreten erwartet. Die Gruppe iSC beendete schließlich ihre Szene- Aktivitäten und gab auf Wunsch der Gruppe Inferiors die Rechte am Namen „Daskmig“ weiter. Nun stellte INF die neue Redaktion. Das neue Daskmig hatte wenig mit dem alten Daskmig Illusions gemeinsam. Es war ein neues Diskmag mit einer neuen Engine, die in einem Super-VGA-Modus lief, neuen Redakteuren und neuen Themen. Das goldene Zeitalter von Daskmig hatte begonnen. Der neue Chefredakteur war Dominei von INF, und er wurde von Hybris von Orchide und Calvin von Proxima (der später INF beitrat) unterstützt. [...] Ziel der Redaktion war es, ein qualitativ hochwertiges monatliches Magazin zu gestalten[.][...] Dieses Ziel wurde aber nicht erreicht. Zwischen Daskmig #6 und der nachfolgenden Ausgabe vergingen fast zwei Monate. Dasselbe galt für Daskmig #7 und die achte Ausgabe."" Volko S. 36
""Nach Daskmig #7 geschah das Unglück. Aus unbekannten Gründen verließ Dominei die Redaktion. Im persönlichen Gespräch erklärte er mir später, dass er es satt hatte, dass er die meiste Arbeit machte, aber Calvin das meiste Lob. Hybris und Calvin waren von Domineis Abgang nicht erfreut. Hybris musste anstelle von Dominei das Editorial schreiben. Schlussendlich wurde das ganze Magazin ernsthafter, als es die Redaktion geplant hatte. Dies führte dazu, dass Calvin ins Infofile schrieb: „Enjoy tis mag. We hated making it.“ Daskmig #8, vom September 1995, war die letzte Ausgabe von Daskmig. Kurz darauf verließ Calvin die Szene."" Volko S. 37","Daskmig #1, Daskmig Illusions #2 - #5, Daskmig #6 - #8",English,,,"""Daskmig war ein norwegisches Diskmag in englischer Sprache."" Volko S. 34",Norway,DOSBox,"Gruppe Independents, die sich in iSC umbenannte",Inferiors (INF),,,,
Defcon,False,,,,2,,scene.org,4.1998,01.04.1998,1998.0000,01.01.1998,,"Defcon #1, Defcon #2",French,English,,"""Defcon war ein französisches Diskmag. Während die erste Ausgabe nur in französischer Sprache vorlag, war die zweite und letzte Ausgabe gemischtsprachig (französisch und englisch)."" Volko S. 38",France,DOSBox,Arrakis von K!Prod,,,,,
Delta,False,,,,4,(maybe more?),scene.org,1996.0000,01.01.1996,nan,,"""Delta #3 erschien im Januar 1996 und enthielt zwei Artikel in englischer Sprache. [...] [Delta #4, MM] enthielt lediglich einen englischen Artikel [...]. Die Redakteure versprachen, dass Delta #5 mindestens fünf englische Artikel enthalten würde. Eine fünfte Ausgabe von Delta ist aber meines Wissens nach nie erschienen."" Volko S.40",Delta #1 - #4,Spanish,English,,"""Delta war ein Diskmag aus Paraguay, das sich primär an die südamerikanische Szene richtete und aus diesem Grund vorwiegend in spanischer Sprache war. Aber die Ausgaben 3 und 4 enthielten auch englische Artikel."" Volko S. 40",Paraguay,DOSBox,Byte Revenger und Jeu Azarru von Microforce,,,,,
Demojournal,False,,,,99,,scene.org,2000.0000,01.01.2000,1998.0000,01.01.1998,"""Demojournal war ein wöchentlicher Newsletter, der von ps (Psychic Symphony) aus Portugal herausgegeben wurde. Insgesamt erschienen 99 Ausgaben. […] In seiner Blüte hatte Demojournal 350 Abonnenten."" Volko S. 41",,,,,,Portugal,,ps (Psychic Symphony),,,,,
DemoNews,False,,,,150,,scene.org,2.1998,01.02.1998,9.1992,01.09.1992,"""Ursprünglich enthielt DemoNews nur eine Liste von neuen Demos und anderen Werken, die auf das Hornet-Archiv hochgeladen worden waren. Wöchentlich erschienen neue Ausgaben. [...] Ab Ausgabe 52, der ersten Ausgabe, die umfangreicher als 20 Kilobyte war, gab es auch kurze Artikel und Interviews, aber nicht in allen Ausgaben.[...] Diese Ausgabe [Ausgabe 70, MM] war auch die erste, die einen Umfang von 40 Kilobyte überstieg [...] Die Ausgaben 77 und 78 waren die ersten mit mehr als 100 Kilobyte Text, aber der Newsletter wurde später wieder kompakter, und nur die allerletzten Ausgaben hatten wieder mehr als 100 Kilobyte."" Volko S. 42
""Die letzte Ausgabe war Nummer 150 vom 4. Februar 1998. Damals gab es etwa 2400 Abonnenten, etwa 200 weniger als das erreichte Maximum. Alle Ausgaben von DemoNews können von scene.org heruntergeladen werden. Sie betragen insgesamt fast 5 Megabyte an Text."" Volko S. 43",,English,,,,USA,,von den Betreibern des Hornet-Archivs,,,,,
Dragon,False,,,,5,,scene.org,9.1999,01.09.1999,4.1997,01.04.1997,"""Dragon #4 erschien im September 1998 und enthält 1,7 Megabyte an Texten. Davon sind etwa 150 Kilobyte in Englisch."" Volko S. 44

For more information about the Diskmag Dragon visit: http://www.wildmag.de/diskmag-pack/diskmags-a-d.de.html [27.04.2023]",Dragon #1 - #5,Polish,English,,"""Seine vierte Ausgabe enthielt auch eine englische Rubrik."" Volko S. 44",Poland,DOSBox,Aborygen,,,,,
Eedmag,False,,,,1,,,1999.0000,01.01.1999,1999.0000,01.01.1999,"""Eedmag war das erste und bisher einzige „Diskmag“, das mit Macromedia Flash gemacht wurde. Es wurde von Xhale alleine entworfen. Die einzige Ausgabe erschien im Jahr 1999 und kann von scene.org heruntergeladen werden. Die Abkürzung „eed“ stand für „electric eye design“, was der Name einer Gruppe von Xhale und Teis war."" Volko S. 46",Eedmag #1,English,,,,,,Xhale,,,,,
Eurochart,False,,,,48,,,3.2006,01.03.2006,11.1989,01.11.1989,"""The Official Eurochart ist eigentlich ein Amiga-Diskmag. Aber die 48. Ausgabe wurde plattformübergreifend veröffentlicht. Sie ist unter Amiga, Linux und Windows lauffähig. So kann sie auch auf PC ohne Emulator gelesen werden."" Volko S. 47
""Im eigentlichen Magazinteil [von Eurochart #48, MM] finden sich 730 Kilobyte an Artikeln."" Volko S. 47

For more information about the Diskmag Eurochart and its publication dates visit: https://demozoo.org/productions/tagged/eurochart/ [27.04.2023]",Eurochart #1 - #48,English,,,,,Amiga,Darkhawk von IRIS,,,,,
Flash,False,,,,1,,scene.org,5.1996,01.05.1996,5.1996,01.05.1996,,Flash #1,English,German,,"""Zwar sind die meisten Artikel englisch, aber einige liegen auf Deutsch vor."" Volko S. 49",Germany,DOSBox,Cosmic von Radical Rhythms,,,,,
Fleur,False,,,,3,,,5.1999,01.05.1999,3.1998,01.03.1998,"""Fleur war ein ungarisches Diskmag in englischer Sprache und damals weltweit eines der populärsten Diskmags (6. Platz in Hugi #12, 2. Platz in Hugi #16, 2. Platz in Hugi #18, 4. Platz in Hugi #19, 5. Platz in Hugi #20). Dennoch bekam es von seinen Lesern nur wenig Unterstützung und stellte sein Erscheinen mit Ausgabe 3 ein. Es kam zur Fusion mit dem Diskmag Shine, dessen achte Ausgabe dann alle Artikel enthielt, die für Fleur #4 eingetroffen waren.
Die ersten beiden Ausgaben wurden von Ezah von Dilemma herausgegeben. Mit Ausgabe 3 übernahm D-Lee von Exceed."" Volko S. 50
""Insgesamt sind es [in Fleur #2, MM] 320 Kilobyte an Artikeln."" Volko S. 52
""Fleur #3 enthält 320 Kilobyte an Artikeln."" Volko S. 53","Fleur #1, Fleur #2, Fleur #3",English,,,,Hungary,DOSBox,Ezah von Dilemma,D-Lee von Exceed,,,,
Fuzzby,False,,,,1,,scene.org,12.1999,01.12.1999,12.1999,01.12.1999,"""Fuzzby war der Name eines 4k-Diskmags der spanischen Gruppe Fuzzion. Die Idee von Diskmags mit einer maximalen Größe von 4 Kilobyte stammt von Spock, der ebenfalls aus Spanien stammt. Er schuf das 4k-Diskmag Wilby. Als die neue Gruppe Fuzzion aus den drei kleineren Gruppen DSK, Savage und MCD hervorging, entschied sie sich, ein 4k-Diskmag zu veröffentlichen, um sich selbst der Szene vorzustellen."" Volko S. 55
""läuft auch ohne DOSBox auf modernen PCs."" Volko S. 55",Fuzzby #0,English,,,,Spain,,spanische Gruppe Fuzzion,Sml und Ufix,,,0,
Genetic Dreams,False,,,,4,,scene.org,nan,,9.1994,01.09.1994,"""Die Ausgaben 1 und 2 funktionieren mit DOSBox, Ausgabe 4 nur ohne DOSBox und Ausgabe 3 gar nicht."" Volko S. 56",Genetic Dreams #1 - #4,English,,,,Germany,DOSBox,deutsche Gruppe Escape,,,,,
Heroin,False,,,,1,,scene.org,12.1998,01.12.1998,12.1998,01.12.1998,,Heroin #1,English,,,,USA,DOSBox,Pyramaniac von Beyond,,,,,80
Hoax,False,,,,,,scene.org,8.1995,01.08.1995,8.1992,01.08.1992,"""Hoax war eines der ersten Diskmags für PC. Es erschien in den Jahren 1992 bis 1995. Es wurde von der finnischen Gruppe Epical gemacht, und der Herausgeber war Kapsu."" Volko S. 60",Hoax #1 - #6,English,,,,Finland,DOSBox,finnische Gruppe Epical,Kapsu,,,,
Hugi,False,,,,38,,https://www.hugi.scene.org,6.2014,01.06.2014,5.1996,01.05.1996,"""Hugi ist eines der wenigen Diskmags, von denen von Zeit zu Zeit immer noch neue Ausgaben erscheinen. Herausgegeben wird es von Adok aus Österreich. [...] Die älteren Ausgaben bis einschließlich Ausgabe 17 sind mit DOSBox lauffähig. Ab Ausgabe 18 basiert die Engine auf Windows. Es kann sein, dass einzelne Ausgaben auf modernen Systemen dennoch nicht lauffähig sind. Abhilfe schafft die Verwendung der Engine der letzten Ausgabe mit den DAT-Dateien aus den älteren Ausgaben – die Engine ist bis zu Ausgabe 18 abwärtskompatibel."" Volko S. 63

More information about Hugi, the individual issues and special editions at: https://www.hugi.scene.org [13.04.2023]",Hugi #1 - #38,German,English,,"""Die ersten zehn Ausgaben erschienen auf Deutsch. Von Ausgabe 11 bis 17 war das Magazin zweisprachig, ab Ausgabe 18 nur mehr in Englisch."" Volko S. 63.",Austria,"DOSBox, Windows",Adok,,,6.0,"Hugi Coding Digest, September 2003; Hugibox volume 1, February 2005; Hugi Interview Bonanza, August 2007; Hugi Remix, January 2009; Hugi SE #4, October 2012; Hugi Party Reports Collection, June 2013",
Imphobia,False,,,,12,,scene.org,7.1996,01.07.1996,2.1992,01.02.1992,"""Imphobia war das führende PC-Demoszene-Diskmag der ersten Hälfte der Neunziger Jahre. Nach der 12. Ausgabe wurde das Erscheinen von Imphobia nicht offiziell eingestellt, doch kam die 13. Ausgabe bis jetzt nicht heraus und wird es vermutlich auch nie werden.
Die meisten Ausgaben wurden von Darkness zusammengestellt. Nur bis zur dritten Ausgabe war Wizard Chefredakteur. Imphobia war nicht nur der Name der Zeitschrift, sondern auch der dahinter steckenden Gruppe, deren Mitglieder vorwiegend in Belgien wohnten. Einige Mitglieder kamen aber auch aus Deutschland (Sam), der Schweiz (Numerus) oder Malta (Mop). Als Angehöriger der französischsprachigen Volksgruppe wurde Darkness von den flämischen Herausgebern des Diskmags Scenial oft angefeindet."" Volko S. 76
""Tatsächlich war Imphobia das erste europäische PC-Diskmag und das erste Diskmag mit VGA-Grafik."" Volko S. 76",Imphobia #1 - #12,English,,,,,DOSBox,Darkness,,,,,
Infinity,False,,,,2,,scene.org,8.1996,01.08.1996,4.1996,01.04.1996,"""Ein wichtiger Hinweis: Es gibt noch eine zweite Zeitschrift namens Infinity, ist aber nicht demoszeneorientiert, sondern befasst sich mit der ANSI-Szene. Nicht verwechseln!"" Volko S. 86","Infinity #1, Infinity #2",English,,,,Portugal,DOSBox,Captain Hook,,,,,
Infused Bytes,False,,,,2,,scene.org,1.1995,01.01.1995,5.1994,01.05.1994,,"Infused Bytes #1, Infused Bytes #2",English,,,"""Infused Bytes war der Name eines russischen Diskmags mit Artikeln in englischer Sprache."" Volko S. 88",Russia,DOSBox,Gruppe Realm Of Illusion,,,,,
Insight,False,,,,2,,scene.org,12.1997,01.12.1997,12.1995,01.12.1995,,"Insight #1, Insight #2",English,,,"""Insight war ein niederländisches Diskmag in englischer Sprache."" Volko S. 89",The Netherlands,DOSBox,Quicksilver von der Gruppe „Image!“,,,,,
Lookain Fanz,False,,,,3,,scene.org,9.1998,01.09.1998,8.1998,01.08.1998,,"Lookain Fanz #1, Lookain Fanz #2, Lookain Fanz #3",French,English,,"""Die erste Ausgabe (August 1998) lag in französischer Sprache vor, die beiden anderen Ausgaben in Englisch."" Volko S. 91",,Windows,Niakool,,,,,
Luna,False,,,,1,,scene.org,5.1996,01.05.1996,5.1996,01.05.1996,,Luna #1,English,,,,Israel,DOSBox,The New York City Kid von Moon Hunters,,,,,
Maniac,False,,,,1,,scene.org,12.1993,01.12.1993,12.1993,01.12.1993,"""Maniac war ein sehr frühes Diskmag, dessen vermutlich einzige Ausgabe im Dezember 1993 erschienen ist. Maniac kann von scene.org heruntergeladen werden und funktioniert auch ohne DOSBox."" Volko S. 93",Maniac #1,English,,,,,,Nocturnus,,,,,
Mudia Art,False,,,,3,,http://alcatraz.untergrund.net,10.2008,01.10.2008,8.2007,01.08.2007,"""Mudia Art ist ein ungewöhnliches Diskmag: In jeder Ausgabe werden ein bis zwei Grafiker und Musiker interviewt und ihre Werke vorgestellt. Das ist alles, was das Magazin inhaltlich zu bieten hat. Herausgeber von s7ing von Alcatraz und Mop. Der Code stammt von T$ von Alcatraz und die meisten Grafiken von Noogman von Alcatraz. Alle bisher erschienenen Ausgaben können von der Alcatraz- Website heruntergeladen werden (http://alcatraz.untergrund.net/)."" Volko S. 94","Mudia Art #1, Mudia Art #2, Mudia Art #3",English,,,,,,s7ing von Alcatraz,Mop,,,,
New World Order,False,,,,8,,scene.org,1.1996,01.01.1996,5.1993,01.05.1993,"""Die letzte Ausgabe [New World Order #8, MM] erschien im Januar 1996 und wurde von der Gruppe Weird Magic herausgegeben, wie im Intro erkennbar war."" Volko S. 98 ",New World Order #1 - #8,English,,,,The Netherlands,DOSBox,niederländischen Gruppe Ground Zero,Gruppe Weird Magi,,,,
Obtain,False,,,,1,,scene.org,9.2003,01.09.2003,9.2003,01.09.2003,"""Nach Wilby und Fuzzby war Obtain das dritte 4k-Diskmag. Es wurde von Bad Sector von Nasty Bugs gemacht, der auch an einem unfangreicheren Diskmag-Projekt namens Obscurum arbeitete, welches nie beendet wurde. Die einzige jemals erschienene Ausgabe kann von scene.org heruntergeladen werden. Sie ist für MS-DOS entwickelt worden, läuft auf modernen PCs aber auch ohne den DOSBox- Emulator."" Volko S. 99",Obtain #1,English,,,,,,Bad Sector von Nasty Bugs,,,,,
Pain,False,,,,62,,scene.org,2008.0000,01.01.2008,1994.0000,01.01.1994,"""Pain war ein internationales Diskmag, dessen Wurzeln in der Schweiz lagen. Die frühen Ausgaben wurden von Uli, Chicken, Furball, Fred, Iquito, Cockroach und Asc herausgegeben. Von den hier besprochenen Ausgaben war Unlock der Herausgeber. Die Engine dieser Ausgaben wurde von P.Doom von der Gruppe Carrots entwickelt.
Von Anfang 1994 bis Anfang 2008 wurden 62 Ausgaben herausgebracht. Da den Ausgaben ursprünglich keine Nummern zugeordnet wurden, ergab es sich, dass bei der später erfolgenden Nummerierung drei Ausgaben übersehen wurden und so die erste Ausgabe mit einer Nummer, die Ausgabe vom Februar 2001, die Nummer 46 bekam, obwohl sie eigentlich schon die 49. Ausgabe war.
Pain kann von scene.org heruntergeladen werden. Die meisten Ausgaben funktionieren selbst ohne einen DOSBox-Emulator.
Die Ausgaben von 1994 bis 2000 wurden in Pain #50 und #51 vorgestellt. Deshalb beschränke ich mich hier auf die Ausgaben ab dem Jahr 2001."" Volko S. 100",Pain #1 - #49,English,,,,Switzerland,,"Uli, Chicken, Furball, Fred, Iquito, Cockroach und Asc",Unlock,,,,
Palantir,False,,,,2,(maybe more?),scene.org,1.1996,01.01.1996,12.1995,01.12.1995,"""Palantir war ein Newsletter über das Projekt DemOS. [...] Anders als die meisten Newsletter war er kein reines Textdokument, sondern in eine Benutzeroberfläche eingebettet."" Volko S. 114","Palantir #1, Palantir #2",English,,,,Norway,DOSBox,norwegische Entwickler Beren und Finrod von Eworx,,,,,
Parrot,False,,,,3,,scene.org,11.1994,01.11.1994,7.1994,01.07.1994,"""Parrot war das Diskmag der finnischen Gruppe Crypton. Als Herausgeber der ersten zwei Ausgaben fungierten Lethal und Bw (der sich später Marlon) nannte. Mit Ausgabe 3 kam Wicked hinzu."" Volko S. 115","Parrot #1, Parrot #2, Parrot #3",English,,,,Finland,DOSBox,finnische Gruppe Crypton,Lethal und Bw (spätere Umbenennung in Marlon),Wicked,,,
Planet,False,,,,4,,scene.org,6.2002,01.06.2002,4.2000,01.04.2000,"""Planet war ein internationales Chartsmag polnischer Herkunft. Es wurde von den Gruppen Addict und Orange Juice unter Führung von CoolPhonE, Blade, Neuroup, Frey, Yes und Chandra herausgegeben. Alle Ausgaben können von scene.org heruntergeladen werden. Die erste Ausgabe ist mit DOSBox lauffähig. Die übrigen Ausgaben basieren auf Windows."" Volko S. 117",Planet #1 - #4,English,,,,Poland,"DOSBox, Windows",Gruppen Addict und Orange Juice,,,,,
Public Incantation,False,,,,2,,scene.org,10.1994,01.10.1994,4.1994,01.04.1994,,"Public Incantation #1, Public Incantation #2",English,,,,Finland,DOSBox,finnische Gruppe Data Warriors,Fortune,,,,
Pulse,False,,,,4,,scene.org,8.1993,01.08.1993,4.1993,01.04.1993,,Pulse #1 - #4,English,,,,Finland,DOSBox,finnische Gruppen Remedy und Emolution,Gruppe Extreme,Moleql,,,
Restless,False,,,,2,,scene.org,4.1998,01.04.1998,6.1996,01.06.1996,"""Restless war ursprünglich ein nordamerikanisches Diskmag, das von der US-amerikanischen Gruppe Opiate herausgegeben wurde. Chefredakteur war jmX von Opiate. Mit Ausgabe 2 übernahm Goblin von Xtatic aus Australien die Redaktion."" Volko S. 122","Restless #1, Restless #2",English,,,,USA,DOSBox,US-amerikanische Gruppe Opiate,,,,,
Rift,False,,,,1,,scene.org,12.1999,01.12.1999,12.1999,01.12.1999,"""Rift war der Name des einzigen südafrikanischen Diskmags der PC-Demoszene. Nur eine einzige Ausgabe ist jemals erschienen. Sie wurde von Rawhed von Sensory Overload zusammengestellt[.]"" Volko S. 125",Rift #1,English,,,,South Africa,Windows,Rawhed von Sensory Overload,,,,,280
Savage Charts,False,,,,3,,scene.org,10.2007,01.10.2007,12.2006,01.12.2006,,"Savage Charts #1, Savage Charts #2, Savage Charts #3",English,,,,Poland,,Biter,,,,,
Scenial,False,,,,3,,scene.org,7.1997,01.07.1997,9.1994,01.09.1994,"""Scenial war das Diskmag der belgischen (flämischen) Gruppe Beans, mit Venior als „Prime“- Redakteur und Lord Cyrix als Coder der Engine. Drei Ausgaben sind erschienen, nämlich die Nummern 1, 2 und 4; Nummer 3 wurde ausgelassen."" Volko S. 128

""Über den „Krieg“ zwischen Scenial und Imphobia
Eine der ersten Ausgaben von Imphobia enthielt ein Interview mit der Gruppe Access Denied. Deren kindisches Verhalten wie etwa das Senden von „Fuckings“ an andere Demogroups wurde von den Imphobia-Redakteuren darin heftig kritisiert. Aber auch abgesehen von diesem Interview war es den Redakteuren von Scenial an einem Konflikt mit Imphobia gelegen, um auf das eigene Magazin aufmerksam zu machen. Zudem verachteten die flämischen Scenial-Redakteure die Macher von Imphobia, weil diese der französischsprachigen Volksgruppe Belgiens angehörten.
Anfang 1995 erschien ein gefälschter Bugfix für Imphobia #9. Dieser ersetzte das Titelbild und fügte einige Rechtschreibfehler ein. So wurde etwa aus „Wizard“ „Lizard“.
Darkness versandte umgehend einen Newsletter, in dem er vor dem „Bugfix“ warnte. Wie es sich herausstellte, war der Autor des Bugfix Lord Cyrix, der Coder von Scenial. Als Folge dieser Affäre wurden Venior und Lord Cyrix aus der Gruppe Surprise!Productions ausgeschlossen, woraufhin diese die Gruppe Beans gründeten."" Volko S. 129","Scenial #1, Scenial #2, Scenial #4",English,,,,Belgium,DOSBox,"belgische (flämische) Gruppe Beans, vormals Access Denied",,,,,
Shine,False,,,,8,,scene.org,11.2000,01.11.2000,4.1997,01.04.1997,"""Shine war ursprünglich ein Chartsmag, enthielt aber auch Artikel. Ab Ausgabe 3 war es offiziell ein „richtiges“ Diskmag. Die Herausgeber der acht erschienenen Ausgaben waren Baloo und Goofy, die zuerst verschiedenen Gruppen angehörten und am Ende Mitglieder von Replay waren."" Volko S. 131
""Die letzte Ausgabe [Shine #8, MM] ist vom November 2000. Wieder gab es eine neue Engine. Shine war somit das Diskmag mit den meisten verschiedenen Engines."" Volko S. 136

""shineRETRO
Neben den regulären Ausgaben erschien eine „Retro“-Ausgabe von Shine, welche die Artikel der Ausgaben 1 bis 5 eingebettet in die Engine von Shine #6 enthielt."" Volko S. 136",Shine #1 - #8,English,,,,,"DOSBox, Windows",Baloo und Goofy,,,,,
Showtime,False,,,,17,,,2008.0000,01.01.2008,1996.0000,01.01.1996,"""Showtime ist der Name eines Chartsmags, das ursprünglich nur für Amiga erschien. In den Jahren 1996 bis 2002 kamen 17 Ausgaben heraus. Die verantwortlichen Gruppen waren RamJam und Darkage, und zu den Herausgebern zählten ACBS, Vega, Magic, Ghandy und Kaosmaster. Nach sechs Jahren Stille wurde Showtime als PC-Diskmag wiedergeboren. Herausgeber war nun Kaomaster von Scoopex, Mitherausgeber Sir und Fishwave (der ehemalige Herausgeber des Amiga-Diskmags Seenpoint). Showtime #18 kann von der Website von Scoopex heruntergeladen werden: http://www.scoopex1988.org/"" Volko S. 137
""Showtime #18 erschien im September 2008."" Volko S. 137",Showtime #1 - #17,English,,,,,,Gruppen RamJam und Darkage,Kaomaster von Scoopex,Sir und Fishwave,,,
Smok,False,,,,2,(maybe more?),scene.org,8.1995,01.08.1995,5.1995,01.05.1995,,"Smok #1, Smok #2",Polish,English,,"""Smok war ein vorwiegend polnischsprachiges Diskmag, das aber auch eine kleine englische Rubrik enthielt."" Volko S. 139",Poland,DOSBox,Astra von Adrar Design,,,,,
Splash,False,,,,4,,scene.org,7.1996,01.07.1996,10.1995,01.10.1995,,Splash #1 - #4,English,,,,Finland,DOSBox,Gruppe Fascination,Fortune,TaskMaster,,,
Static Line,False,,,,52,,scene.org,2004.0000,01.01.2004,1998.0000,01.01.1998,"""Static Line war ein mehr oder weniger monatlich erscheinendes Magazin über die Musik- und die Demoszene. Technisch gesehen, war es ein reines Textdokument ohne grafische Oberfläche. 52 Ausgaben sind erschienen. Die ersten 44 davon wurden von Coplan von der Gruppe Immortal Coil herausgegeben, der später der Gruppe Fulcrum beitrat. Er war davor ein regelmäßiger Autor im Musik-Newsletter TraxWeekly gewesen. Die übrigen acht Ausgaben wurden von Ciaran Hamilton und Ben Collver zusammengestellt. [...] Die Größen der Ausgaben rangierten zwischen 24 und 143 Kilobyte. [...] Static Line war qualitativ hochwertig und recht interessant zu lesen. Da die Herausgeber aus den USA kamen, war das Magazin sprachlich perfekt."" Volko S. 142",Static Line #1 - #52,English,,,,USA,,Coplan von der Gruppe Immortal Coil,Ciaran Hamilton und Ben Collver,,,,
Subkult,False,,,,6,,scene.org,5.2000,01.05.2000,4.1996,01.04.1996,,Subkult #1 - #6,English,,,,Norway,"DOSBox, Windows",norwegische Gruppe Dr. Dyregod & Kompani,,,,,
Sunray,False,,,,1,,scene.org,12.1999,01.12.1999,12.1999,01.12.1999,"""Sunray erschien im Dezember 1999 und war ein Rückblick auf das Jahr 1999. Herausgegeben wurde es von ps. Die Grafik stammte von Saffron von TBL, der Code von Reptile von Astroidea und die Musik von Velvet, Manka, Smash, Distance, Nogsf und Falcon. Die zugrundeliegende Idee war es, alle Demoszene-Productions aus dem Jahr 1999 zu besprechen. Letzten Endes wurden nicht über alle Releases Reviews verfasst, aber über sehr viele. Einige sind sehr ausführlich (mehrere Seiten lang) und andere wiederum nur sehr kurz (1-2 Sätze). Die meisten Productions wurden auch mit 0 bis 20 Punkten bewertet."" S. 145",Sunray #1,English,,,,,Windows,ps,,,,,
Tankard,False,,,,4,(maybe more?),scene.org,1.1999,01.01.1999,nan,,,Tankard #1 - #4,Polish,English,,"""Tankard war ein polnisches Diskmag. Ausgabe 4 enthielt auch eine Rubrik in englischer Sprache. [...] Tankard #4 (Januar 1999) enthielt 1,6 Megabyte Text, davon aber nur 100 Kilobyte in Englisch."" Volko S. 147",Poland,DOSBox,Dee Kay von der Gruppe Grinders,,,,,
Testimony of the Ancients,False,,,,1,,scene.org,7.1996,01.07.1996,7.1996,01.07.1996,,Testimony of the Ancients #1,English,Dutch,,"""Bis auf einige Artikel in niederländischer Sprache war es englischsprachig."" Volko S. 149",The Netherlands,DOSBox,niederländische Gruppe Circle of Tyrants,,,,,
The Scene Post,False,,,,4,,scene.org,9.1994,01.09.1994,7.1994,01.07.1994,"""Die Textmenge betrug pro Ausgabe 15 Kilobyte."" Volko S. 150",The Scene Post #0 - #3,English,,,,,DOSBox,Byte und Gandalf,,,,,150
The Utopians News,False,,,,1,,scene.org,1998.0000,01.01.1998,1998.0000,01.01.1998,"""The Utopians News war der Newsletter der internationalen Vereinigung „The Utopians“, herausgegeben von deren Präsidenten, Zippy. Die einzige Ausgabe kann von scene.org heruntergeladen werden. Sie hat einen Umfang von etwa 46 Kilobyte. Dem liegt ein Infofile mit einer Größe von 13 Kilobyte bei."" Volko S. 151
""Die Utopians waren von Zippy gegründet worden, um ein Kontaktnetz zwischen Neulingen und erfahrenen Szenern zu schaffen. Die sieben Ziele der Utopians waren:
1. Keep the demoscene alive.
2. Make the demoscene a place for genuine friendship.
3. Make demos works of art. Not simply 'showing off computers and coders'. 4. Create a tolerant demoscene.
5. Encourage progress, while preserving the oldskool-style.
6. Recruit fresh demosceners.
7. Protect it against becoming the 'getting into the games-industry'-scene."" Volko S. 151",The Utopians News #1,English,,,,,,internationale Vereinigung „The Utopians“,Zippy,,,,46
Total Disaster,True,"""Zwischen März 1998 und November 1999 erschienen sechs Ausgaben sowie ein kleines Werbeintro."" http://edv-janssen.synology.me/diskmag-pack/photos/dmag_t-z.htm#totaldis [27.04.2023]",,,6,,scene.org,11.1999,01.11.1999,3.1998,01.03.1998,For more information about the Diskmag Total disaster and its publication dates visit: http://edv-janssen.synology.me/diskmag-pack/photos/dmag_t-z.htm#totaldis [27.04.2023],Total Disaster #1 - #6,Polish,English,,"""Total Disaster erschien in polnischer Sprache, aber eine Ausgabe, „Total Disaster #Black“, enthielt auch eine Menge englischer Artikel."" Volko S. 152",Poland,DOSBox,Misha von Tatanka ,,,,,
Totem,False,,,,1,,scene.org,7.1999,01.07.1999,7.1999,01.07.1999,,Totem #1,English,,,,France,DOSBox,französische Gruppe Just For Fun,,,,,
Trip,False,,,,11,,scene.org,4.1999,01.04.1999,3.1997,01.03.1997,"""Trip war ein Schweizer Szene-Diskmag von der Gruppe Cruz. Seine Herausgeber waren in den ersten sieben Ausgaben Jobe und Ramirez und danach Sweeper."" Volko S. 155",Trip #1 - #11,English,,,,Switzerland,DOSBox,Gruppe Cruz,Jobe und Ramirez,Sweeper,,,
Trip 2 Hell,False,,,,3,,scene.org,9.1994,01.09.1994,7.1994,01.07.1994,,"Trip 2 Hell 07/94, (?), Trip 2 Hell 09/94, ",German,English,,"""Trip 2 Hell war ein Schweizer Szene-Diskmag der Gruppe Fire Skull. Die zweite Ausgabe war in Deutsch, die anderen Ausgaben in Englisch."" Volko S. 158",Switzerland,DOSBox,Gruppe Fire Skull,,,,,
TUHBzine,False,,,,6,,scene.org,6.1999,01.06.1999,1996.0000,01.01.1996,,TUHBzine #1 - #6,English,,,,The Netherlands,DOSBox,niederländische Gruppe TUHB (The Unstoppable Hacker Bunch),,,,,
Userflag,False,,,,11,(maybe more?),scene.org,1.1995,01.01.1995,nan,,"""Auf scene.org findet sich nur die elfte Ausgabe von Userflag; die übrigen Ausgaben sind verschollen. Das Diskmag wurde von der finnischen Gruppe Nation 358 herausgegeben. Redakteure waren Nemesis, Dr. Disruptor und GhostWriter."" Volko S. 162",,English,,,,Finland,DOSBox,finnische Gruppe Nation 358,,,,,
Vinyl,False,,,,1,,scene.org,9.1999,01.09.1999,9.1999,01.09.1999,"""Die einzige Ausgabe ist auf scene.org erhältlich. Sie kam am 12. September 1999 heraus und enthielt 320 Kilobyte Artikel, die meisten auf Spanisch. Es gab keine grafische Benutzeroberfläche, das Magazin lag in Form mehrerer Textdateien vor."" Volko S. 163",Vinyl #1,English,Spanish,,"""Vinyl oder Vinilo war ein lateinamerikanisches Demoszene-Magazin. Es erschien zweisprachig auf Englisch und Spanisch."" Volko S. 163",Latin America,,Arlequin von der Gruppe PVM,,,,,320
v.O.L.V.o,False,,,,1,,scene.org,1.1997,01.01.1997,1.1997,01.01.1997,,v.O.L.V.o #1,English,Norwegian,German,"""Es gibt auch Artikel in norwegischer und sogar deutscher Sprache."" Volko S. 164",Norway,DOSBox,norwegische Scherz-Gruppe rECTUM cAUDA,,,,,
What?!,False,,,,1,,scene.org,12.1995,01.12.1995,12.1995,01.12.1995,,What?! #1,English,,,,Australia,DOSBox,australische Gruppe „Priests of Power“,The Walker,,,,
Wilby,False,,,,6,(maybe more?),scene.org,4.2001,01.04.2001,10.1999,01.10.1999,"""Jede Ausgabe war insgesamt nur 4 Kilobyte groß. Diese 4096 Zeichen umfassten nicht nur Text, sondern auch eine grafische Oberfläche. Was nach einer verrückten Idee klingt, hat auch seine interessanten Seiten: Die Autoren sind gezwungen, kurz und bündig zu formulieren. Wilby bewies, dass es möglich war, interessante Artikel in wenigen Worten zu verfassen."" Volko S. 166",Wilby #1 - #6,English,,,,Spain,,Spock von Wild Bits,,,,,4
Worldcharts,False,,,,1,(maybe more?),scene.org,5.1993,01.05.1993,5.1993,01.05.1993,"""Gerüchten zufolge ist eine zweite Ausgabe erschienen, aber verschollen."" Volko S. 168",Worldcharts #1,English,,,,Finland,DOSBox,finnische Demogroup Future Crew,,,,,
Worldcharts,False,,,,15,,scene.org,nan,,nan,,"""Worldcharts war auch der Name eines Chartsmags, das ursprünglich auf dem Amiga erschienen ist. Im Jahre 1993 veröffentlichte die Gruppe Hoodlum die 13. Ausgabe, die lange Zeit die letzte blieb. Dann, im Jahr 2002, wurde Worldcharts auf dem PC wiederbelebt. Nun war es eine Coproduktion der Gruppen Hoodlum, Scoopex und Silents. Diese brachten zwei weitere Ausgaben heraus."" Volko S. 169",Worldcharts #1 - #15,English,,,,,Windows,Gruppe Hoodlum,Gruppe Scoopex,Gruppe Silents,,,
Xtravaganza,False,,,,2,,scene.org,6.1998,01.06.1998,5.1998,01.05.1998,"""Xtravaganza war ein Newsletter über die britische Demoszene, herausgegeben von Aquafresh von Tesko (auch unter dem Handle Storm bekannt). [...] In der ersten Ausgabe, die am 1. Mai 1998 erschien, konnte man erfahren, dass der Newsletter gegründet wurde, um die britische Demoszene aus einem „sehr langen Schlaf“ zu erwecken und die Kommunikation zu verbessern."" Volko S. 170","Xtravaganza #1, Xtravaganza #2",English,,,,Great Britain,,Aquafresh von Tesko (auch unter dem Handle Storm bekannt),,,,,
Yahoo,False,,,,5,,scene.org,4.1995,01.04.1995,6.1994,01.06.1994,"""Yahoo, das von den finnischen Gruppen Topaz Beerline (Ausgaben 1 bis 3) und @ (Ausgaben 4 bis 5) herausgegeben wurde, war eines der ältesten PC-Diskmags und damals offenbar ziemlich populär: In den Charts von Splash #1 vom Oktober 1995 erreichte es den zweiten Platz nach Imphobia. Dennoch erschienen nur fünf Ausgaben."" Volko S. 171","Yahoo #1, Yahoo #2, Yahoo #3 („The flower power issue“), Yahoo #4 („The hang over issue“), Yahoo #5 („The Party Issue“)",English,,,,Finland,DOSBox,finnische Gruppe Topaz Beerline,finnische Gruppe @,,,,
Zen Little Tattles,False,,,,1,,scene.org,4.1995,01.04.1995,4.1995,01.04.1995,,Zen Little Tattles #1,English,,,,France,DOSBox,französische Gruppen Zuul Desing und Live,,,,,
Zine,False,,,,14,(maybe more?),http://zine.bitfellas.org,8.2010,01.08.2010,1989.0000,01.01.1989,"""Zine war ursprünglich ein Amiga-Diskmag, das von der Schweizer Gruppe Brainstorm herausgegeben wurde. Die erste Ausgabe erschien 1989. Im Jahr 2006 wurde Brainstorm neu gegründet und die Arbeit an der zwölften Ausgabe von Zine begonnen. Die neuen Ausgaben von Zine erschienen für Windows. Herausgeber war Axel."" Volko S. 176",Zine #1 - #14,English,,,,Switzerland,,Schweizer Gruppe Brainstorm,Axel,,,,
