Column 1,Column 2,Column 3,Column 4,Column 5,Column 6,Column 7,Column 8
On Disk Revue,English,,01.01.1985,01.01.1985,APPLE II,On Disk Revue Volume 1 (Emerald Valley Publishing) (1985),Internet Archive
On-Line,Russian,Russia,02.09.1995,02.07.1997,ZX Spectrum,"On-Line #01, On-Line #02, On-Line #03, On-Line #04, On-Line #05, On-Line #06, On-Line #07, On-Line #08, On-Line #09, On-Line #10, On-Line #11, On-Line #12, On-Line #13, On-Line #14, On-Line #15, On-Line #16, On-Line #17, On-Line #18, On-Line #19, On-Line #20, On-Line #21, On-Line #22, On-Line #23, On-Line #24, On-Line #25, On-Line #26, On-Line #27, On-Line #28, On-Line #29, On-Line #30, On-Line #31, On-Line #32, On-Line #33, On-Line #34, On-Line #35, On-Line #36, On-Line #37, On-Line #38, On-Line #39, On-Line #40, On-Line #41, On-Line #42, On-Line #43, On-Line #44, On-Line #45, On-Line #46, On-Line #47, On-Line #48, On-Line #49, On-Line #50, On-Line #51, On-Line #52, On-Line #53, On-Line #54, On-Line #55, On-Line #56, On-Line #57, On-Line #58, On-Line #59, On-Line #60, On-Line #61, On-Line #62, On-Line #63, On-Line #64, On-Line #65, On-Line #66, On-Line #67, On-Line #68, On-Line #69, On-Line #70, On-Line #71, On-Line #72, On-Line #73, On-Line #74, On-Line #75, On-Line #76, On-Line #77, On-Line #78, On-Line #79, On-Line #80, On-Line #81, On-Line #82, On-Line #83, On-Line #84, On-Line #85",
One More Shit,,,01.01.1993,01.01.1993,AMIGA OCS/ECS,One More Shit,
One Year Tiger-Disk,,,01.01.1995,01.01.1995,Commodore 64,One Year Tiger-Disk,
One!,English,,01.01.1990,01.01.1990,Commodore 64,"One #1 (1990)(Pentagon and Pn), One #2 (1990)( ), One! #1, One! #2",
Onslaught News,English,,,,Commodore 64,"Onslaught News #03 (1998)( ), Onslaught News #04 (1999)( ), Onslaught News #06 (2000)(Onslaught)",
Ooze,,,01.05.1998,12.05.1998,MS-DOS,Ooze 3,
Open Letters,Russian,Russia,20.06.1999,28.12.2002,ZX Spectrum,"Open Letters #01, Open Letters #02, Open Letters #03, Open Letters #04, Open Letters #05, Open Letters #06, Open Letters #07, Open Letters #08, Open Letters #09, Open Letters #10",
Opex,Russian,Russia,02.02.2002,23.06.2002,ZX Spectrum,"Opex #00, Opex #01, Opex #02, Opex #03, Opex #04, Opex #05, Opex #06, Opex #07, Opex #08",
Opinion,English,,01.01.1991,01.01.1992,Commodore 64,"Opinion #1, Opinion #2, Opinion #3, Opinion #3 V2, Opinion #4 (19xx)(Mystic)",
Opium,Russian,Belarus,,,ZX Spectrum,,
Optron,Russian,Ukraine,03.10.1997,10.04.2001,ZX Spectrum,"Optron #01, Optron #02, Optron #03, Optron #04, Optron #05, Optron #06, Optron #07, Optron #08, Optron #09, Optron #10, Optron #11, Optron #12, Optron #13, Optron #14, Optron #15, Optron #16, Optron #17, Optron #18, Optron #19, Optron #20, Optron #21, Optron #22, Optron #23, Optron #24, Optron #25, Optron #26, Optron #27, Optron #28, Optron #29, Optron #30, Optron #31, Optron #32, Optron #33, Optron #34, Optron #35, Optron #36, Optron #37, Optron #38, Optron #39, Optron #40, Optron #41, Optron #42, Optron #43",
Orbservant,English,,01.01.1991,01.05.1992,Commodore 64,"Orbservant #001, Orbservant #002, Orbservant #003, Orbservant #004",
Orgasmic Attitude 01,English,,01.01.1991,01.01.1991,Commodore 64,Orgasmic Attitude 01,
Orgazm,,,21.11.1995,13.12.1997,AMIGA OCS/ECS,"Orgazm 1, Orgazm 2, Orgazm 3",
Orion,Russian,Belarus,,,ZX Spectrum,,
Ormo,,,01.01.1994,01.01.1994,AMIGA OCS/ECS,Ormo 1,
Orphan,Russian,Russia,13.06.2000,13.06.2000,ZX Spectrum,Orphan #01,
Osmium Issue,,,04.08.1993,04.08.1993,MS-DOS,Osmium Issue #1,
Ostrov,Russian,Russia,15.02.2000,15.02.2000,ZX Spectrum,Ostrov #11,
Out of Space,,,01.01.1991,01.01.1991,AMIGA OCS/ECS,Out of Space 1,
Out Side,Russian,Ukraine,,,ZX Spectrum,,
Outbreak,English,,01.01.1990,01.01.1991,Commodore 64,"Outbreak #1, Outbreak #2, Outbreak #3",
Outburst,English,,01.01.1994,01.01.1994,Commodore 64,Outburst #1,
Outcast,,,01.07.1995,17.07.1995,AMIGA AGA,Outcast 02,
Outcast Pack menu,,,,,AMIGA OCS/ECS,Outcast Pack menu,
Outdoor,English,,01.01.1993,17.07.1995,Commodore 64,"Outdoor #1, Outdoor #2, Outdoor #3, Outdoor #4",
Outer Limits,,,01.08.1991,30.05.1993,AMIGA OCS/ECS,"Outer Limits 1, Outer Limits 2, Outer Limits 3, Outer Limits 4, Outer Limits 5",
Outlaw,,,01.04.1994,01.04.1994,AMIGA OCS/ECS,Outlaw #02,
Outlaw 1997 Review,,,20.02.1994,20.02.1994,MS-DOS,Outlaw 1997 Review,
Outlaw Issue,,,20.02.1994,24.04.1994,AMIGA OCS/ECS,"Outlaw Issue 1, Outlaw Issue 2",
Outlaws Express,,,22.06.1990,22.06.1990,AMIGA OCS/ECS,Outlaws Express,
Outlaws Review,,,05.04.1997,05.04.1997,MS-DOS,Outlaws Review,
Outlet,English,,01.01.1987,01.11.1999,ZX Spectrum,"Outlet #004, Outlet #1-3, Outlet #100, Outlet #101, Outlet #102, Outlet #104, Outlet #105, Outlet #107, Outlet #108, Outlet #109, Outlet #110, Outlet #111, Outlet #113, Outlet #114, Outlet #115, Outlet #118, Outlet #119, Outlet #12, Outlet #122, Outlet #123, Outlet #124, Outlet #125, Outlet #127, Outlet #128, Outlet #129, Outlet #13, Outlet #131, Outlet #132, Outlet #133, Outlet #135, Outlet #136, Outlet #137, Outlet #138, Outlet #139, Outlet #14, Outlet #140, Outlet #142, Outlet #143, Outlet #144, Outlet #145, Outlet #147, Outlet #16, Outlet #17, Outlet #18, Outlet #19, Outlet #20, Outlet #21, Outlet #22, Outlet #23, Outlet #26, Outlet #27, Outlet #28, Outlet #30, Outlet #31, Outlet #32, Outlet #33, Outlet #34, Outlet #35, Outlet #36, Outlet #37, Outlet #40, Outlet #41, Outlet #42, Outlet #43, Outlet #46, Outlet #48, Outlet #49, Outlet #5, Outlet #51, Outlet #52, Outlet #55, Outlet #57, Outlet #59, Outlet #6, Outlet #60, Outlet #62, Outlet #63, Outlet #65, Outlet #67, Outlet #70, Outlet #71, Outlet #72, Outlet #73, Outlet #79, Outlet #80, Outlet #82, Outlet #84, Outlet #85, Outlet #86, Outlet #87, Outlet #88, Outlet #89, Outlet #90, Outlet #91, Outlet #93, Outlet #94, Outlet #95, Outlet #96, Outlet #99",
Outline,English,,01.01.1990,01.01.1990,Commodore 64,"Outline #0, Outline #1, Outline #1 (1990 03)(Lords)[h Computer Freaks Association], Outline #2",
Outline Preview,English,,,,Commodore 64,Outline Preview #0 (1990)(Lords),
Outrage,English,,01.01.1991,01.02.1991,Commodore 64,"Outrage #01, Outrage #02, Outrage #03, Outrage #04, Outrage #05, Outrage #06",
Ovation,,,01.08.1996,05.04.1997,AMSTRAD CPC,"Ovation 1, Ovation 2, Ovation 3, Ovation 4, Ovation 5",
Ovation 6 Preview (V1.3),,,05.04.1997,05.04.1997,AMSTRAD CPC,Ovation 6 Preview (V1.3),
Overflow,,,01.02.1995,05.04.1997,MS-DOS,Overflow #1,
Overlog,Russian,Belarus,17.03.1999,17.03.1999,ZX Spectrum,"Overlog #01, Overlog #02, Overlog #03, Overlog #04",
Overshadow,English,,01.01.1997,30.06.2021,Commodore 64,"Overshadow #01, Overshadow #01 [hungarian], Overshadow #02 [hungarian], Overshadow #03 [hungarian], Overshadow #04 [hungarian], Overshadow #05 (1997 07)(Angels), Overshadow #05 [hungarian], Overshadow #06 (1997 08)(Angels), Overshadow #06 [hungarian], Overshadow #07 (1997 09)(Angels), Overshadow #07 [hungarian], Overshadow #08 (1997 10)(Angels), Overshadow #08 [hungarian], Overshadow #09 (1997 12 07)(Angels), Overshadow #09 [hungarian], Overshadow #10 (1998 02 07)(Angels), Overshadow #10 [hungarian], Overshadow #11 (1998 04 02)(Angels), Overshadow #11 [hungarian], Overshadow #12 [hungarian], Overshadow #13 (1998)(Angels), Overshadow #13 [hungarian], Overshadow #14 (1998 09 05)(Angels), Overshadow #14 [hungarian], Overshadow #15 (1997)(Angels), Overshadow #15 [hungarian], Overshadow #16 (1999)(Angels), Overshadow #16 [hungarian], Overshadow #17 (1999 07 01)(Angels), Overshadow #17 [hungarian], Overshadow #18 (1999)(Angels), Overshadow #18 [hungarian], Overshadow #19 (1999 10 01)(Angels), Overshadow #19 [hungarian], Overshadow #20, Overshadow #21, Overshadow #22, Overshadow #23, Overshadow #24, Overshadow #25, Overshadow #26, Overshadow #27, Overshadow #28, Overshadow #29, Overshadow #30 (2005 02 21)(Angels), Overshadow #30 [hungarian], Overshadow #31, Overshadow #32, Overshadow #33, Overshadow #34 [hungarian], Overshadow #35 [hungarian], Overshadow #36, Overshadow #36 [hungarian], Overshadow #37 [hungarian], Overshadow #38 [hungarian]",
Overshadow Origins 1. [hungarian],,,01.01.2017,01.01.2017,Commodore 64,Overshadow Origins 1. [hungarian],
Overshadow Origins 2. [hungarian],,,01.01.2022,01.01.2022,Commodore 64,Overshadow Origins 2. [hungarian],
Overtime,,,11.01.2000,11.01.2000,AMIGA AGA,Overtime 3,
Overview,,,11.01.2000,11.01.2000,AMIGA AGA,Overview 4,
OZ Round Up,English,,01.01.1991,01.01.1993,Commodore 64,"OZ Round Up #02, OZ Round Up #03, OZ Round Up #04, OZ Round Up #06, OZ Round Up #07, OZ Round Up #08, OZ Round Up #10, OZ Round Up #11, Oz Round Up #2+3+6 (19xx)(Oxygen)",
Ozsi,English,,01.01.1995,01.01.1999,Commodore 64,"Ozsi #01, Ozsi #02, Ozsi #03, Ozsi #04, Ozsi #05, Ozsi #06, Ozsi #07, Ozsi #08, Ozsi #09, Ozsi #10, Ozsi #11, Ozsi #12, Ozsi #13",
P.D. List,,,11.01.2000,11.01.2000,ATARI ST/E,P.D. List,
P.E.N.I.S,,,01.04.1989,11.01.2000,AMIGA OCS/ECS,"P.E.N.I.S 1, P.E.N.I.S 2, P.E.N.I.S 3",
"Pac-Mag, Pacmag",,,12.02.1992,15.10.1995,"AMIGA OCS/ECS, AMIGA AGA","Pac-Mag 1, Pac-Mag 4, Pac-Mag 9, Pac-Mag 10, Pac-Mag 11, Pac-Mag 12, Pac-Mag 13, Pac-Mag 14, Pac-Mag 15, Pac-Mag 16, Pac-Mag 17, Pac-Mag 18, Pac-Mag 19, Pac-Mag 20, Pac-Mag 21, Pac-Mag 22, Pac-Mag 23, Pac-Mag 24, Pac-Mag 25, Pac-Mag 26, Pac-Mag 27, Pac-Mag 28, Pac-Mag 29, Pac-Mag 30, Pac-Mag 31, Pac-Mag 32, Pac-Mag 33, Pac-Mag 34, Pac-Mag 35, Pac-Mag 36, Pac-Mag 37, Pac-Mag 38, Pac-Mag 39, Pac-Mag 40, Pac-Mag 41, Pac-Mag 42, Pacmag 2, Pacmag 3, Pacmag 5, Pacmag 6, Pacmag 7, Pacmag 8",
Pacific General Review,,,16.07.1997,16.07.1997,MS-DOS,Pacific General Review,
Package,,,01.04.1999,01.04.1999,AMIGA AGA,Package 112,
Paczka Tynku,,,16.09.1992,16.09.1992,"ATARI 8 BIT, Atari XL/XE","Paczka Tynku #1, Paczka Tynku #2, Paczka Tynku #3, Paczka Tynku #4, Paczka Tynku #5",
Paczka.TNQ,,,16.09.1992,16.09.1992,AMIGA AGA,Paczka.TNQ,
Pain,,,16.09.1992,01.01.2008,"WINDOWS, MS-DOS","PAiN #48 (08/01), pain #49 (10/01), pain #50 (02/02), PAiN #51 (07/02), pain #52 (11/02), pain #53 (02/03), PAiN #54 (10/03), pain #55 (03/04), PAiN #56 (12/04), PAiN #57 (10/05), PAiN #58 (12/06), pain #59 (12/07), pain #59 (12/07) final, PAiN (00/00), PAiN (01/94), pain (01/95), Pain (01/97), pain (01/98), PAiN (02/00), PAiN (02/01), pain (02/94), pain (02/95), pain (02/98), pain (02/99), pain (03/94), pain (03/95), Pain (03/96), pain (03/97), pain (03/99), PAiN (04/01), pain (04/94), pain (04/95), Pain (04/96), pain (04/97), pain (04/98), PAiN (05/00), pain (05/94), Pain (05/96), pain (05/97), pain (05/98), pain (05/99), pain (06/94), Pain (06/96), pain (06/97), pain (06/98), pain (07/94), pain (07/95), Pain (07/96), pain (07/97), pain (08/95), pain (08/97), pain (08/98), pain (09/94), pain (09/96), Pain (09/97), pain (10/97), pain (10/98), PAiN (10/99), Pain (11/95), Pain (11/96), PAiN (12/00), pain (12/97), pain (12/98), Pain 00/00, Pain 01/97, Pain 01/98, PAiN 02/00, Pain 02/94, Pain 02/98, Pain 03/94, Pain 03/96, Pain 03/97, Pain 04/94, Pain 04/96, Pain 04/97, Pain 04/98, PAiN 05/00, Pain 05/94, Pain 05/96, Pain 05/97, Pain 05/98, Pain 06/94, Pain 06/96, Pain 06/97, Pain 06/98, Pain 07/94, Pain 07/96, Pain 07/97, Pain 08-09/94, Pain 08/97, Pain 08/98, Pain 09/96, Pain 09/97, Pain 1 (01/94), Pain 10/97, Pain 10/99, Pain 11/96, PAiN 12/00, Pain 12/97, Pain 12/98, PAiN 46 (02/01), PAiN 47 (04/01), PAiN 48 (08/01), PAiN 49 (10/01), PAiN 50 (02/02), PAiN 51 (07/02), PAiN 52 (11/02), PAiN 53 (02/03), PAiN 54 (10/03), PAiN 55 (03/04), PAiN 56 (12/04), PAiN 57 (10/05), PAiN 58 (12/06), PAiN 59 (12/07) Final, Pain2 01/95, Pain2 02/95, Pain2 03/95, Pain2 04/95, Pain2 07/95, Pain2 11/95, Pain2 Special",
Pajeczyna,,,01.01.1995,01.01.1995,Commodore 64,Pajeczyna #1,
Palantir,,,01.12.1995,01.01.1996,"MS-Dos/gus, MS-DOS","Palantir #1, Palantir #2",
Palladium,English,,01.01.1996,01.02.1998,Commodore 64,"Palladium #1, Palladium #2, Palladium #3, Palladium #4",
Pandemonium Review,,,11.05.1997,11.05.1997,MS-DOS,Pandemonium Review,
Panolama,English,,01.01.1991,01.01.1991,Commodore 64,"Panolama 01, Panolama 02",
Paper White,,,01.01.1992,01.05.1993,AMIGA OCS/ECS,"Paper White 1, Paper White 2, Paper White 3",
Paradigm: The Guide To Ansi Issue,,,01.01.1993,01.07.1993,MS-DOS,"Paradigm: The Guide To Ansi Issue #1, Paradigm: The Guide To Ansi Issue #2",
Paradise,,,01.03.1997,24.03.1997,"AMIGA AGA, AMIGA OCS/ECS",Paradise 2,
Paradox,Russian,Belarus,05.08.1997,05.08.1997,ZX Spectrum,Paradox #00 (orig.),
Paranews,English,,01.01.1989,01.01.1991,Commodore 64,"Paranews #001, Paranews #002, Paranews #003, Paranews #004, Paranews #005, Paranews #006, Paranews #007, Paranews #008, Paranews #009, Paranews #1+4+8 (1989)(Paramount)",
Paranoia,,,01.07.1995,24.03.1997,MS-DOS,"Paranoia #1, Paranoia Newsletter #1",
Parrot,,,01.07.1994,09.11.1994,"MS-DOS, MS-Dos/gus","Parrot 1, Parrot 2, Parrot 3",
Party Talk,English,,,,Commodore 64,Party Talk (1996)(Resource),
Party Time - Sledge Hammer Special Edition,,,01.01.1994,01.01.1994,AMIGA OCS/ECS,Party Time - Sledge Hammer Special Edition,
Partybox,,,11.04.1993,11.04.1993,AMIGA OCS/ECS,Partybox,
Passion,English,,01.01.1994,01.01.1995,Commodore 64,"Passion #1, Passion Preview",
Patriotism magazine,,,22.05.1999,22.05.1999,MS-DOS,Patriotism magazine,
PC Charts 01 (11/93),,,01.12.1993,01.12.1993,MS-DOS,PC Charts 01 (11/93),
PC-Review 1994-,Russian,,01.01.1994,01.02.1994,MS-DOS,"PC-Review 1994-01, PC-Review 1994-02, PC-Review 1994-03, PC-Review 1994-04, PC-Review 1994-05, PC-Review 1994-06, PC-Review 1994-07, PC-Review 1994-08, PC-Review 1994-09, PC-Review 1994-10",
PDClassic,English,,,,Commodore 64,"PD 64 Classic #2 (2000)( )(Side A), PD 64 Classic #2 (2000)( )(Side B)",
Peanuts,,,01.01.1992,01.09.1993,AMIGA OCS/ECS,"Peanuts #1, Peanuts #2, peanuts #3, Peanuts #sept'93, Peanuts 3 Menu",
Peece,English,,01.01.1990,01.01.1992,Commodore 64,"Peece #01, Peece #03, Peece #04, Peece #05, Peece #06",
Peeker,English,,01.01.1984,01.01.1987,APPLE II,"Peeker Nr. 01 (1984)(Dr. Alfred Huethig Verlag)(DE), Peeker Nr. 02 (1985)(Dr. Alfred Huethig Verlag)(DE), Peeker Nr. 04 (1985)(Dr. Alfred Huethig Verlag)(DE), Peeker Nr. 05 (1985)(Dr. Alfred Huethig Verlag)(DE), Peeker Nr. 06 (1985)(Dr. Alfred Huethig Verlag)(DE), Peeker Nr. 07 (1985)(Dr. Alfred Huethig Verlag)(DE), Peeker Nr. 08 (1985)(Dr. Alfred Huethig Verlag)(DE), Peeker Nr. 10 (1985)(Dr. Alfred Huethig Verlag)(DE), Peeker Nr. 11 (1985)(Dr. Alfred Huethig Verlag)(DE), Peeker Nr. 12 (1985)(Dr. Alfred Huethig Verlag)(DE), Peeker Nr. 13 (1986)(Dr. Alfred Huethig Verlag)(DE), Peeker Nr. 14 (1986)(Dr. Alfred Huethig Verlag)(DE), Peeker Nr. 15 (1986)(Dr. Alfred Huethig Verlag)(DE), Peeker Nr. 16 (1986)(Dr. Alfred Huethig Verlag)(DE), Peeker Nr. 17 (1986)(Dr. Alfred Huethig Verlag)(DE), Peeker Nr. 18 (1986)(Dr. Alfred Huethig Verlag)(DE), Peeker Nr. 19 (1986)(Dr. Alfred Huethig Verlag)(DE), Peeker Nr. 21 (1986)(Dr. Alfred Huethig Verlag)(DE), Peeker Nr. 22 (1986)(Dr. Alfred Huethig Verlag)(DE), Peeker Nr. 23 (1986)(Dr. Alfred Huethig Verlag)(DE), Peeker Nr. 24 (1986)(Dr. Alfred Huethig Verlag)(DE), Peeker Nr. 25 (1987)(Dr. Alfred Huethig Verlag)(DE), Peeker Nr. 26 (1987)(Dr. Alfred Huethig Verlag)(DE), Peeker Nr. 27 (1987)(Dr. Alfred Huethig Verlag)(DE), Peeker Nr. 28 (1987)(Dr. Alfred Huethig Verlag)(DE)",Internet Archive
Penguindom Issue,,,19.07.1992,19.07.1992,MS-DOS,Penguindom Issue #2,
Pentagram News,English,,01.01.1997,01.01.1997,Commodore 64,"Pentagram News #02 (19xx)(Pentagram), Pentagram News #3, Pentagram News #4",
PentagramZine,,,01.01.1995,01.01.1997,ATARI 8 BIT,"PentagramZine 1, PentagramZine 2, PentagramZine 3, PentagramZine 4",
Peresztrojka,English,,01.01.1995,01.04.1997,Commodore 64,"Peresztrojka #1 (1995 12 31)(KGST ComEcon), Peresztrojka #1 [hungarian], Peresztrojka #2 (1996 03 01)(KGST ComEcon), Peresztrojka #2 [hungarian], Peresztrojka #3 (1997 04 01)(KGST ComEcon), Peresztrojka #3 [hungarian]",
Pestilence,English,,01.01.1991,01.01.1991,Commodore 64,"Pestilence #1, Pestilence #2",
Phalanxie,,,01.01.1989,01.01.1989,AMIGA OCS/ECS,Phalanxie,
Phantasy Files,,,01.08.1998,23.08.1998,ZX Spectrum,Phantasy Files 1,
Phibercom,English,,01.01.1993,01.01.1993,Commodore 64,"Phibercom #1, Phibercom #2, Phibercom #3, Phibercom #4, Phibercom #5, Phibercom #6",
Phiberoptik Phreakers,English,,01.01.1992,01.01.1993,Commodore 64,"Phiberoptik Phreakers #1, Phiberoptik Phreakers #2",
Phoenix,,,01.06.1998,10.10.1998,"AMIGA OCS/ECS, AMIGA AGA","Phoenix 1, Phoenix 2",
Phoenix Power magazine,,,12.04.1996,12.04.1996,MS-DOS,Phoenix Power magazine,
Photonia,English,,01.01.1991,01.01.1991,Commodore 64,"Photonia #001, Photonia #002",
Phreak Forum,English,,01.01.1992,01.01.1992,Commodore 64,"Phreak Forum #04, Phreak Forum #05, Phreak Forum #06, Phreak Forum #07, Phreak Forum #08",
Phreak Out,,,01.01.1991,01.01.1991,Commodore 64,Phreak Out #1,
Phreakin' Hell,,,,,Commodore 64,Phreakin' Hell,
Phreaking Only,,,01.08.1994,23.06.1996,AMIGA OCS/ECS,"Phreaking Only 3, Phreaking Only 5, Phreaking Only 7",
Phreaks And Phreaking,English,,01.12.1991,23.06.1996,AMIGA OCS/ECS,Phreaks And Phreaking,
Phun Philes,,,01.01.1985,01.01.1985,Commodore 64,Phun Philes,
Pin Up,English,,01.01.1989,01.03.1990,Commodore 64,"Pin Up #06, Pin Up #07, Pin Up 1, Pin Up 2, Pin Up 3, Pin Up 4, Pin Up 5",
Pin Up Collection,English,,,,Commodore 64,Pin Up Collection (19xx)(Trust),
Pinball Mania Review,,,21.05.1995,21.05.1995,MS-DOS,Pinball Mania Review,
Pioneer,Russian,Russia,31.12.1995,27.05.1996,ZX Spectrum,"Pioneer #01, Pioneer #02, Pioneer #03",
Pirate Mag,English,,,,Commodore 64,"Pirate Mag, The #3 (19xx)( )",
Pirates,English,,01.01.1989,01.01.1992,"Commodore 64, Wild","Pirates #01, Pirates #02, Pirates #04",
Pirates Analyze Warez,,,01.11.1992,06.03.1994,MS-DOS,"Pirates Analyze Warez Issue #1, Pirates Analyze Warez Issue #1/93, Pirates Analyze Warez Issue #10/93, Pirates Analyze Warez Issue #11/93, Pirates Analyze Warez Issue #2, Pirates Analyze Warez Issue #2/93, Pirates Analyze Warez Issue #2/94, Pirates Analyze Warez Issue #3, Pirates Analyze Warez Issue #3/92, Pirates Analyze Warez Issue #3/93, Pirates Analyze Warez Issue #4/93, Pirates Analyze Warez Issue #5/93, Pirates Analyze Warez Issue #6/93, Pirates Analyze Warez Issue #7/93, Pirates Analyze Warez Issue #8/93",
Pivo,English,,01.01.1995,01.01.1999,Commodore 64,"Pivo #00, Pivo #01, Pivo #02, Pivo #03, Pivo #04, Pivo #05, Pivo #06, Pivo #07, Pivo #08",
Pizza and Coke No.,,,,,AMIGA OCS/ECS,Pizza and Coke No. 00,
Planet,,,01.12.2000,23.12.2000,WINDOWS,"Planet 2, Planet 3",
Planet E,,,01.01.1994,01.12.1994,AMIGA OCS/ECS,"Planet E 1, Planet E 2, Planet E 3",
Planet Italy,,,15.12.1997,09.02.1999,AMIGA AGA,"Planet Italy 1, Planet Italy 2, Planet Italy 3, Planet Italy 4, Planet Italy 5, Planet Italy 6",
Planet World Chartsmag,,,09.02.1999,09.02.1999,WINDOWS,Planet World Chartsmag 4,
Plasma Issue,,,09.02.1999,09.02.1999,AMIGA OCS/ECS,Plasma Issue 1,
Plastic,,,01.12.1997,01.12.1997,AMIGA AGA,Plastic #2,
Platinum,Russian,Russia,08.08.1996,08.11.1996,ZX Spectrum,"Platinum #01, Platinum #02",
Playback,English,,,,Commodore 64,"Playback 01 (1992)( )(de), Playback 03 (1992)( )(de), Playback 04 (1992)( )(de), Playback 07 (1992)( )(de)",
Playboy,Russian,Ukraine,,,ZX Spectrum,,
Playbyte,,,01.04.1992,30.04.1992,AMIGA OCS/ECS,Playbyte 0,
Player Mag,,,30.04.1992,09.08.1998,"ATARI ST/E, Atari ST","Player Mag #1, Player Mag #2, Player Mag #3, Player Mag #4",
Player Of The Year Review,,,11.05.1996,11.05.1996,MS-DOS,Player Of The Year Review,
Plazma,,,04.01.2006,01.02.2007,WINDOWS,"Plazma 1, Plazma 2, Plazma 3",
Pleasure Palace magazine,,,19.06.2001,19.06.2001,MS-DOS,Pleasure Palace magazine #1,
Plutonium,Russian,Russia,14.09.1998,20.08.2001,ZX Spectrum,"Plutonium #01, Plutonium #02, Plutonium #03, Plutonium #04, Plutonium #05, Plutonium #06, Plutonium #07, Plutonium #08, Plutonium #09, Plutonium #10, Plutonium #10.5, Plutonium #11, Plutonium #12, Plutonium #13, Plutonium #14, Plutonium #15, Plutonium #16, Plutonium #17, Plutonium #18, Plutonium #19, Plutonium #2000",
Poczytaj Mi Mamo,,,01.01.1994,01.02.2007,"AMIGA OCS/ECS, AMIGA AGA","Poczytaj Mi Mamo 1, Poczytaj Mi Mamo 2, Poczytaj Mi Mamo 3, Poczytaj Mi Mamo 4, Poczytaj Mi Mamo 5, Poczytaj Mi Mamo 6, Poczytaj Mi Mamo 7, Poczytaj Mi Mamo 8, Poczytaj Mi Mamo 9",
POD Review,,,21.03.1997,21.03.1997,MS-DOS,POD Review,
Poesitro,,,27.12.1995,27.12.1995,AMIGA AGA,Poesitro,
POG,,,01.01.1994,20.10.1994,ATARI ST/E,"POG 1, POG 10, POG 2, POG 3, POG 4, POG 5, POG 6, POG 7, POG 8, POG 9",
POG X-Mas,,,15.12.1994,15.12.1994,ATARI ST/E,POG X-Mas,
Point,,,,,ZX Spectrum,Point #01,
Point of View,English,,01.01.1990,01.07.1990,Commodore 64,"Point of View #1, Point of View #2, Point of View #3, Point of View #4",
Pointovka Report,Russian,Belarus,,,ZX Spectrum,,
Poison,,,01.01.1996,01.01.1996,Commodore 64,Poison #16 [polish],
Poke Tip und Trick's Diskette [german],,,01.01.1991,01.01.1991,Commodore 64,Poke Tip und Trick's Diskette [german],
Pokey's Infodisk,,,15.12.1994,15.12.1994,ATARI 8 BIT,Pokey's Infodisk,
Poland B,,,01.01.1992,01.01.1992,AMIGA OCS/ECS,Poland B 1,
Polesse,Russian,Belarus,29.12.1998,31.03.2001,ZX Spectrum,"Polesse #00, Polesse #01, Polesse #02, Polesse #03, Polesse #04, Polesse #05, Polesse #06, Polesse #07, Polesse #08, Polesse #09, Polesse #10, Polesse #11, Polesse #12, Polesse #13, Polesse #14, Polesse #15, Polesse #16, Polesse #17, Polesse #18, Polesse #19, Polesse #4.5",
Political View,English,,,,Commodore 64,Political View 2 (200x)(Onslaught),
Polnoch,Russian,Latvia,14.08.1998,14.08.1998,ZX Spectrum,Polnoch #01,
Poop Mini-Mag,,,01.01.1992,01.01.1992,MS-DOS,"Poop Mini-Mag #3, Poop Mini-Mag #4",
Popcorn,English,,01.01.1989,01.01.1992,Commodore 64,"Popcorn #1, Popcorn #10, Popcorn #2, Popcorn #4, Popcorn #5, Popcorn #6, Popcorn #7, Popcorn #8, Popcorn #9, Popcorn 3",
Popelganda,English,,01.01.1992,01.05.1995,Commodore 64,"Popelganda #1, Popelganda #2, Popelganda #4, Popelganda #5, Popelganda 3",
Postmortem,English,,01.01.1992,01.01.1993,Commodore 64,"Postmortem #1, Postmortem #2, Postmortem #3, Postmortem #4",
Potato News,English,,,,Commodore 64,Potato News 05,
Power,,,01.01.1992,01.03.1995,ATARI ST/E,"Power #01, Power #02, Power #03, Power #04, Power #05, Power #06, Power #07, Power #08, Power #09, Power #10, Power #11, Power #12, Power #13, Power #14, Power #15, Power #16, Power #17, Power #18, Power #19, Power #20, Power #21, Power #22, Power #23, Power #24, Power #25, Power #26, Power #27",
Power,Russian,Russia,22.09.1996,27.10.1996,ZX Spectrum,"Power #01, Power #02, Power #03, Power #04, Power #05",
Power Disk,English,,01.01.1997,01.06.1998,Commodore 64,"Power Disk 64 1-97, Power Disk 64 2-97, Power Disk 64 2-98, Power Disk 64 2-98
, Power Disk 64 95 02 (1995)(Lagune)(de)(Side B), Power Disk 64 96 01 (1996)(Lagune)(de)(Side A), Power Disk 64 96 02 (1996)(Lagune)(de)(Side A), Power Disk 64 97 01 (1997 05)(Lagune)(de)(Side A), Power Disk 64 97 02 (1997 09)(Lagune)(de)(Side A), Power Disk 64 98 02 (1998 07)(Lagune)(de)(Side A), Power Disk 64 98 04 (1998)(Lagune)(de)(Side A), Power Disk 64 99 01 (1999)(Lagune)(de)",
Power Mag Preview,,,01.01.1990,01.01.1990,Commodore 64,Power Mag Preview,
Power News,English,,,,Commodore 64,"Power News #1 (19xx)(Lore of Arts), Power News 01",
Power of Voice,English,,01.01.1989,01.01.1990,Commodore 64,"Power of Voice #1, Power of Voice #2, Power of Voice #3, Power of Voice #4, Power of Voice #5, Power of Voice Preview, Power of Voice Preview #0 (1989)(Beastie Boys), Power of Voice Special Issue #1, Power of Voice Special Issue #2
",
Power Pack,English,,,,Commodore 64,"Power Pack 1 (1992)(Alfons Mittelmeyer)(de), Power Pack 3 (1992)(Alfons Mittelmeyer)(de), Power Pack 5 (1992)(Alfons Mittelmeyer)(de)",
Power Puke,English,,,,Commodore 64,Power Puke #0001,
Power Zine,,,27.08.1994,27.08.1994,AMIGA OCS/ECS,Power Zine 3,
PowerAmiga,,,01.02.2000,01.11.2003,"AMIGA PPC/RTG, AMIGA AGA","PowerAmiga #1, PowerAmiga #2, PowerAmiga #3, PowerAmiga #4, PowerAmiga #5, PowerAmiga #6, PowerAmiga #7",
Pravda,English,,01.01.1991,01.06.1992,Commodore 64,"Pravda #1, Pravda #2, Pravda #3, Pravda 10, Pravda 11, Pravda 9, Pravda Preview",
Prawda,English,,01.01.1993,01.01.1997,Commodore 64,"Prawda #1, Prawda #2, Prawda #3, Prawda #4, Prawda #5, Prawda #6, Prawda #7",
Prawda,,,01.01.1991,01.01.1994,"AMIGA OCS/ECS, AMIGA AGA","Prawda 0, Prawda 1, Prawda 2, Prawda Preview",
Premier Manager 97 Review,,,30.04.1997,30.04.1997,MS-DOS,Premier Manager 97 Review,
Premium,English,,01.01.1999,01.09.1999,Commodore 64,"Premium #1, Premium #2, Premium #3",
Premonition,English,,01.01.1995,01.03.1995,Commodore 64,Premonition #1,
Pressure,,,24.12.1996,01.01.1999,AMIGA AGA,"Pressure 1, Pressure 2",
Pressure Diskmag Issue,,,13.10.1996,13.10.1996,AMIGA AGA,Pressure Diskmag Issue #0 Intro,
Pressure Promotion Issue,,,11.05.1996,11.05.1996,AMIGA OCS/ECS,Pressure Promotion Issue,
Prestige Magazine Preview,,,,,Commodore 64,Prestige Magazine Preview,
Prikoly,Russian,Russia,25.02.1996,26.02.1996,ZX Spectrum,"Prikoly #02, Prikoly #03, Prikoly #04",
Privateer Review/Docs/Sampler Kit,,,23.09.1993,23.09.1993,MS-DOS,Privateer Review/Docs/Sampler Kit,
Probe,,,23.09.1993,23.09.1993,AMIGA AGA,Probe 1,
Professional Underground League Of Pain Review,,,07.05.1997,07.05.1997,MS-DOS,Professional Underground League Of Pain Review,
Profi Club,Russian,Russia,18.09.1996,18.09.1996,ZX Spectrum,Profi Club #02,
Profi Club,English,,,,Commodore 64,"Profi Club 1 (1992)( )(de), Profi Club 2 (1992)( )(de), Profi Club 5 (1992)( )(de)",
Progeny,,,07.04.1994,07.04.1994,MS-DOS,Progeny #3,
Project Apollo,English,,01.01.1994,01.01.1994,AMIGA,Project Apollo,
Project Nomad Review,,,29.11.1993,29.11.1993,MS-DOS,Project Nomad Review,
Project Paradise Review,,,28.03.1997,28.03.1997,MS-DOS,Project Paradise Review,
Project UFO,English,,,,AMIGA,Project UFO,
Promised Land,Russian,Ukraine,31.12.2000,28.02.2003,ZX Spectrum,"Promised Land #01, Promised Land #02, Promised Land #03, Promised Land #04",
Propaganda,English,,01.01.1991,28.01.2023,"Commodore 64, AMIGA OCS/ECS","Propaganda #12 (1993 11)(Genesis Project)[h MSP], Propaganda #2 [fake], Propaganda #28, Propaganda #29, Propaganda #3 [party version], Propaganda #30, Propaganda #31, Propaganda #32, Propaganda #33, Propaganda 1, Propaganda 10, Propaganda 11, Propaganda 12, Propaganda 13, Propaganda 14, Propaganda 15, Propaganda 16, Propaganda 17, Propaganda 18, Propaganda 19, Propaganda 2, Propaganda 20, Propaganda 21, Propaganda 22, Propaganda 23, Propaganda 24, Propaganda 25, Propaganda 26, Propaganda 27, Propaganda 3, Propaganda 4, Propaganda 5, Propaganda 6, Propaganda 7, Propaganda 8, Propaganda 9",
Propaganda List,,,01.01.2018,01.07.2019,Commodore 64,"Propaganda List #1 2019, Propaganda List #1 2019 Errata, Propaganda List #1 2020, Propaganda List #2 2018, Propaganda List #2 2019, Propaganda List #3 2018, Propaganda List #3 2019",
Propagraph,English,,,,Commodore 64,Propagraph #07 (19xx)( ),
Prosit,,,01.02.1993,22.10.2018,AMIGA OCS/ECS,Prosit #1,
Proton,Russian,Russia,27.09.1997,01.10.1998,ZX Spectrum,"Proton #01, Proton #02, Proton #03, Proton #04, Proton #05, Proton #06, Proton #07, Proton #08, Proton #09, Proton #10, Proton #11, Proton #12, Proton #13, Proton #14, Proton #15, Proton #16, Proton #17, Proton #18, Proton #19, Proton #20, Proton #21, Proton #22, Proton #23, Proton #24, Proton #25, Proton #26, Proton #27, Proton #28, Proton #29, Proton #30, Proton #31, Proton #32, Proton #33, Proton #34, Proton #35, Proton #36, Proton #37, Proton #38, Proton #39, Proton #40, Proton #41, Proton #42, Proton #43, Proton #44, Proton #45, Proton #46, Proton #47, Proton #48",
Provocator,,,01.01.1996,22.10.2018,"AMIGA OCS/ECS, AMIGA AGA","Provocator 0, Provocator 1, Provocator 2, Provocator 3, Provocator 4",
Prowler HTML Mag,,,01.03.1996,01.03.1996,BROWSER,Prowler HTML Mag,
Pry Messagebox,,,01.03.1996,01.03.1996,AMIGA OCS/ECS,Pry Messagebox,
Przypadkownik,,,01.01.1992,01.01.1993,AMIGA OCS/ECS,"Przypadkownik 1, Przypadkownik 2, Przypadkownik 3",
Psc,English,,,,Commodore 64,Psc #05 (1991)(Peters Studio Commodore),
PSC Magazine,,,01.01.1991,01.01.1991,Commodore 64,"PSC Magazine #05, PSC Magazine #08, PSC Magazine #09, PSC Magazine #10, PSC Magazine #11",
Psionics Review,,,30.09.1993,30.09.1993,MS-DOS,Psionics Review,
Psyced,,,01.01.1993,28.03.1993,AMIGA OCS/ECS,"Psyced 1, Psyced 2, Psyced 3",
Psycho,,,01.01.1995,01.01.1995,AMIGA OCS/ECS,Psycho 2,
Psycho – Babble – Project!,,,01.01.1995,01.01.1995,ATARI ST/E,Psycho – Babble – Project!,
Psychosis Magazine,,,01.12.1992,01.01.1994,MS-DOS,"Psychosis Magazine #1, Psychosis Magazine #2, Psychosis Magazine #3, Psychosis Magazine #4, Psychosis Magazine #5, Psychosis Magazine #6, Psychosis Magazine #7, Psychosis Magazine #8, Psychosis Magazine #9",
Psychoz,Russian,Russia,11.08.1999,31.12.2002,ZX Spectrum,"Psychoz #01, Psychoz #02, Psychoz #03, Psychoz #04, Psychoz #05, Psychoz #06, Psychoz #07, Psychoz #08, Psychoz #09, Psychoz #10, Psychoz #11, Psychoz #12, Psychoz #12/12, Psychoz #13, Psychoz #14, Psychoz #15, Psychoz #16, Psychoz #17, Psychoz #18",
Psycosis,,,01.01.1993,01.01.1994,AMIGA OCS/ECS,"Psycosis #2, Psycosis #3",
Public,English,,,,Commodore 64,"Public #2 (1991)(Stony Soft)(de)(Side A), Public #3 (1991)(Stony Soft)(de)(Side A), Public Issue #01, The (1991 07)(Depredators Victims)",
Public Hunter,English,,,,Commodore 64,Public Hunter #2 (19xx)( )(Side A),
Public Incantation,,,24.05.1994,16.10.1994,MS-DOS,"Public Incantation #1, Public Incantation #2",
Public News,English,,,,Commodore 64,"Public News #03 89 (1989)(New Garfield Crew)(de), Public News #08 89 (1989)(New Garfield Crew)(de), Public News #10 89 (1989)(New Garfield Crew)(de), Public News #11 89 (1989)(New Garfield Crew)(de)",
Public News Collection,English,,,,Commodore 64,"Public News Collection #1 (1989)(New Garfield Crew)(de), Public News Collection #2 (1989)(New Garfield Crew)(de)",
Public Scandal,English,,01.01.1991,01.01.1992,Commodore 64,"Public Scandal #03, Public Scandal #04, Public Scandal #05",
Public Spirit,Russian,Russia,17.05.1997,17.05.1997,ZX Spectrum,Public Spirit #01,
Publication,English,,16.10.1994,01.01.2006,Commodore 64,"Publication #1, Publication #10, Publication #11, Publication #12, Publication #13, Publication #14, Publication #15, Publication #16, Publication #17, Publication #18, Publication #19, Publication #2, Publication #20, Publication #21, Publication #22, Publication #23, Publication #24, Publication #25, Publication #26, Publication #27, Publication #28, Publication #29, Publication #3, Publication #30, Publication #31, Publication #32, Publication #33, Publication #34, Publication #35, Publication #36, Publication #37, Publication #38, Publication #39, Publication #4, Publication #40, Publication #41, Publication #42, Publication #43, Publication #44, Publication #45, Publication #46, Publication #47, Publication #48, Publication #49, Publication #5, Publication #50, Publication #51, Publication #52, Publication #53, Publication #54, Publication #55, Publication #56, Publication #57, Publication #6, Publication #7, Publication #8, Publication #9",
Publicnews,English,,,,Commodore 64,Publicnews 06 89 (1989 05)( )(de),
Publicnews,,,01.03.1989,01.11.1989,Commodore 64,"Publicnews 03/89 [german], Publicnews 04/89 [german], Publicnews 06/89 [german], Publicnews 07/89 [german], Publicnews 08/89 [german], Publicnews 09/89 [german], Publicnews 10/89 [german], Publicnews 11/89 [german]",
Puke Box,English,,01.01.1991,01.05.1992,Commodore 64,"Puke Box #01, Puke Box #02, Puke Box #03, Puke Box #04, Puke Box #06, Puke Box #07, Puke Box #08, Puke Box #09, Puke Box #10",
Pullover,,,01.07.1996,01.01.2006,"MS-DOS, MS-Dos/gus","Pullover #1, Pullover #2, Pullover #3",
Pulp,English,,01.01.1998,01.01.2000,Commodore 64,"Pulp #1, Pulp #2, Pulp #3",
Pulse,English,,04.05.1993,04.06.1993,"Commodore 64, MS-DOS","Pulse, Pulse #1 (1990)(Foxbat), Pulse #11, Pulse #2, Pulse #3, Pulse #5, Pulse #9, The #01 (1993 06)(Gridpoint), The #02 (1990)(Foxbat), The #06 (1993 12)(Regina), The #07 (1993 12 29)(Regina), The #08 (1994 02)(Regina), The #16 (1995 07 01)( ), The #20 (1995 12 29)( ), The #23 (1996 04)(Shape), The (1993 11)(Regina The Pulse Magazine Staff), The (1994 03 01)(Regina The Pulse Magazine Staff), The (1994 05 01)(Regina The Pulse Magazine Staff)",
Pulse,,,01.04.1993,01.08.1993,MS-DOS,"Pulse #1, Pulse #2, Pulse #3, Pulse #4",
Pulse Issue,,,05.04.1993,06.05.1993,MS-DOS,"Pulse Issue #1, Pulse Issue #2, Pulse Issue #3, Pulse Issue #4",
Pulse No More,English,,,,Commodore 64,"Pulse, The No More (1996)(Pulse)",
Punk,,,,,ZX Spectrum,Punk #02,
Pure Bollocks,,,01.01.1993,01.03.1993,Atari ST,"Pure Bollocks #21, Pure Bollocks #22",
Pure Bollocks Magazine,,,16.01.1993,18.09.1993,"ATARI FALCON, ATARI ST/E","Pure Bollocks Magazine #21, Pure Bollocks Magazine #22, Pure Bollocks Magazine #23",
Pure Data,,,01.03.1994,08.03.1994,AMIGA OCS/ECS,Pure Data 1,
Putt-Putt Goes To The Moon Review,,,28.11.1993,28.11.1993,MS-DOS,Putt-Putt Goes To The Moon Review,
Puzzle Bobble Review,,,01.07.1997,01.07.1997,MS-DOS,Puzzle Bobble Review,
Pyton,English,,01.01.1993,01.01.1994,Commodore 64,"Pyton #01, Pyton #02, Pyton #03",
Pyton Collection,English,,,,Commodore 64,"Pyton Collection, Pyton Collection #1 2 3 (19xx)( )",
QCF FM Broadcast,,,01.01.1991,01.01.1991,Commodore 64,"QCF FM Broadcast #1, QCF FM Broadcast #2",
Quadrant Information Disk,,,01.07.1991,01.07.1991,ATARI ST/E,Quadrant Information Disk 1.1,
Quadriga Classifields volume,,,01.01.1993,01.01.1993,AMIGA AGA,Quadriga Classifields volume 1,
Quake Mission Pack 2: Dissolution Of Eternity Review,,,26.03.1997,26.03.1997,MS-DOS,Quake Mission Pack 2: Dissolution Of Eternity Review,
Quarter Pole Review,,,17.10.1993,17.10.1993,MS-DOS,Quarter Pole Review,
Quartz Conference Informer Magazine,,,14.05.1992,14.05.1992,AMIGA OCS/ECS,Quartz Conference Informer Magazine,
QuaST Mag,,,01.01.1992,28.12.1995,ATARI ST/E,"QuaST Mag #1, QuaST Mag #2, QuaST Mag #3, QuaST Mag #4, QuaST Mag #5, QuaST Mag #6, QuaST Mag #7, QuaST Mag #8, QuaST Mag #9",
Quebec Hash,English,,01.01.1990,01.01.1990,Commodore 64,"Quebec Hash #5 (1990 12)( ), Quebec Hash #5 [french]",
Quebec Hash Preview,English,,01.01.1990,01.01.1990,Commodore 64,Quebec Hash Preview,
Querbyte,English,,,,Commodore 64,"Querbyte #01 (19xx)(Civitas), Querbyte #02 (19xx)(Civitas)",
"R.A.W, Raw, raw, RAW",,,25.11.1991,01.11.1995,"AMIGA OCS/ECS, AMIGA AGA","R.A.W 1, R.A.W 2, R.A.W 3, R.A.W 4, R.A.W 5, R.A.W 6, R.A.W 7, R.A.W 8, R.A.W 9",
Rad Fighter Review,,,23.08.1994,23.08.1994,MS-DOS,Rad Fighter Review,
Raddings,,,01.01.1991,01.01.1992,Commodore 64,"Raddings #1, Raddings #2, Raddings #3",
Radix,,,01.01.1991,01.01.1991,AMIGA OCS/ECS,Radix 1,
Rag + Research + Review,English,,01.01.1991,01.01.1991,Commodore 64,"Rag + Research + Review, Rag Research Review #1 (19xx)(Animals)",
"Rage, Rage!",,,15.06.1996,09.10.1997,AMIGA AGA,"Rage! 1, Rage 2, Rage 3, Rage 4, Rage 5, Rage 6, Rage 7",
Ragged,English,,01.01.1994,01.01.1995,Commodore 64,"Ragged #01, Ragged #04, Ragged #06",
Rags,English,,01.01.1990,01.01.1990,Commodore 64,"Rags #1, Rags #2, Rags #3",
Raiden 2 Review,,,08.06.1997,08.06.1997,MS-DOS,Raiden 2 Review,
"Raistlin's Message Box, Raistlins Message Box, Raistlin's Message-Box",,,01.07.1990,08.06.1997,AMIGA OCS/ECS,"Raistlin's Message Box #1, Raistlin's Message Box #3, Raistlin's Message Box #4, Raistlin's Message Box #5, Raistlin's Message Box #6, Raistlin's Message-Box 7",
RAM Newszine,,,25.01.1994,25.01.1994,MS-DOS,RAM Newszine #1,
"RapidNews, Rapidnews, Rapid News",,,01.01.2017,18.11.2022,Commodore 64,"RapidNews #1, RapidNews #2, RapidNews #3, RapidNews #4, RapidNews #5, RapidNews #6, RapidNews #7, RapidNews #7 by Excess, RapidNews #8, RapidNews #8 by Excess, RapidNews #9, RapidNews #9 by Excess, RapidNews #10, RapidNews #10 by Excess, RapidNews #11, RapidNews #11 by Excess, RapidNews #12, RapidNews #13, RapidNews #14, RapidNews #15, RapidNews #16, RapidNews #17, RapidNews #18, RapidNews #19, RapidNews #20, RapidNews #21, RapidNews #22, RapidNews #23, RapidNews #24, RapidNews #25 X-Mas Edition",
Rappages,English,,,,Commodore 64,Rappages #Preview (19xx)(Rappages),
Rave,,,05.12.1995,05.12.1995,PAPER,Rave 1,
Ravenloft Solve And Maps,,,27.03.1994,27.03.1994,MS-DOS,Ravenloft Solve And Maps,
Raver,English,,01.01.1996,01.01.1996,Commodore 64,Raver #1,
Rayman Designer Review,,,07.09.1997,07.09.1997,MS-DOS,Rayman Designer Review,
Read and Spread,,,01.03.1992,07.09.1997,AMIGA OCS/ECS,"Read and Spread 1, Read and Spread 2",
Read and Write Preview,,,01.01.1993,01.01.1993,AMIGA OCS/ECS,"Read and Write Preview, Read and Write Preview 2",
Read Me,Russian,Russia,31.12.1996,31.12.1996,ZX Spectrum,"Read Me #01, Read Me #02",
Read Or Die,English,,01.01.1990,01.01.1990,Commodore 64,"Read Or Die #1, Read or Die (1990)(Dantic)",
Reader's Dream,,,22.10.1992,01.11.1992,AMIGA OCS/ECS,Reader's Dream 1,
ReadMe,,,01.01.1997,01.01.1997,ZX Spectrum,"ReadMe 1, ReadMe 2",
ReadMe 1 demo,,,07.01.1997,07.01.1997,ZX Spectrum,ReadMe 1 demo,
Real Proof,English,,,,Commodore 64,"Real Proof, The #01 (1993 11)(CBA Scat)",
Real Vision 3,,,01.01.1989,01.01.1989,Commodore 64,Real Vision 3,
REALITY CHECK NETWORK,English,,18.11.1995,31.08.1997,MS-DOS,"REALITY CHECK NETWORK #01, REALITY CHECK NETWORK #02, REALITY CHECK NETWORK #03, REALITY CHECK NETWORK #04, REALITY CHECK NETWORK #05, REALITY CHECK NETWORK #06, REALITY CHECK NETWORK #07, REALITY CHECK NETWORK #08, REALITY CHECK NETWORK #09, REALITY CHECK NETWORK #10, REALITY CHECK NETWORK #11, REALITY CHECK NETWORK #12, REALITY CHECK NETWORK #13, REALITY CHECK NETWORK #14, REALITY CHECK NETWORK #15, REALITY CHECK NETWORK #16, REALITY CHECK NETWORK #17, REALITY CHECK NETWORK #18, REALITY CHECK NETWORK #19, REALITY CHECK NETWORK #20, REALITY CHECK NETWORK #21, REALITY CHECK NETWORK #22, REALITY CHECK NETWORK #23, REALITY CHECK NETWORK #24, REALITY CHECK NETWORK #25, REALITY CHECK NETWORK #26, REALITY CHECK NETWORK #27, REALITY CHECK NETWORK #28, REALITY CHECK NETWORK #29, REALITY CHECK NETWORK #30, Reality Check Network #30 Art Edition, REALITY CHECK NETWORK #31, REALITY CHECK NETWORK #32, REALITY CHECK NETWORK #33, REALITY CHECK NETWORK #34, REALITY CHECK NETWORK #35, Reality Check Network #35 Art Edition, REALITY CHECK NETWORK #36, Reality Check Network #36 Art Edition, REALITY CHECK NETWORK #37, Reality Check Network #37 Art Edition, REALITY CHECK NETWORK #38, Reality Check Network #38 Art Edition",
Reality Check Network Magazine,,,01.11.1995,01.08.1997,MS-DOS,"Reality Check Network Magazine #1, Reality Check Network Magazine #10, Reality Check Network Magazine #11, Reality Check Network Magazine #12, Reality Check Network Magazine #13, Reality Check Network Magazine #14, Reality Check Network Magazine #15, Reality Check Network Magazine #16, Reality Check Network Magazine #17, Reality Check Network Magazine #18, Reality Check Network Magazine #19, Reality Check Network Magazine #2, Reality Check Network Magazine #20, Reality Check Network Magazine #21, Reality Check Network Magazine #22, Reality Check Network Magazine #23, Reality Check Network Magazine #24, Reality Check Network Magazine #25, Reality Check Network Magazine #26, Reality Check Network Magazine #27, Reality Check Network Magazine #28, Reality Check Network Magazine #29, Reality Check Network Magazine #3, Reality Check Network Magazine #30, Reality Check Network Magazine #31, Reality Check Network Magazine #32, Reality Check Network Magazine #33, Reality Check Network Magazine #34, Reality Check Network Magazine #35, Reality Check Network Magazine #35 Art Edition, Reality Check Network Magazine #36, Reality Check Network Magazine #36 Art Edition, Reality Check Network Magazine #37, Reality Check Network Magazine #37 Art Edition, Reality Check Network Magazine #38, Reality Check Network Magazine #38 Art Edition, Reality Check Network Magazine #4, Reality Check Network Magazine #5, Reality Check Network Magazine #6, Reality Check Network Magazine #7, Reality Check Network Magazine #8, Reality Check Network Magazine #9",
Reality Check Network's WindowsTheme Pack v1.0,,,07.07.1996,07.07.1996,MS-DOS,Reality Check Network's Windows 95 Theme Pack v1.0,
Reality Failure,,,01.04.1996,01.04.1996,MS-DOS,Reality Failure #2,
Realtime,Russian,Russia,13.01.1996,29.02.1996,ZX Spectrum,"Realtime #01, Realtime #02",
Reason 4 Treason,,,01.01.1989,01.01.1991,Commodore 64,"Reason 4 Treason #1, Reason 4 Treason #2, Reason 4 Treason #3, Reason 4 Treason #4, Reason 4 Treason #5",
ReasonTreason,English,,01.11.1989,01.07.1991,Commodore 64,"Reason 4 Treason #1 (1989)(Ikon Visual), Reason 4 Treason #2, Reason 4 Treason #3 (1990)(Ikon Visual), Reason 4 Treason #4, Reason 4 Treason #5",
Rebel Runner Review,,,03.04.1996,03.04.1996,MS-DOS,Rebel Runner Review,
Rebels Of Telecommunications,,,05.04.1994,05.04.1994,MS-DOS,Rebels Of Telecommunications #8,
Recall,English,,01.01.1990,01.01.1992,Commodore 64,"Recall #01, Recall #02, Recall #03, Recall #04, Recall #05, Recall #06, Recall #09, Recall #10",
Recoil,English,,01.01.1991,01.01.1991,Commodore 64,"Recoil #000, Recoil #001, Recoil #002",
Recollection,English,,01.01.2006,01.10.2010,Commodore 64,"Collection #03 (1991)(Inceria), Recollection #1, Recollection #2, Recollection #3",
Recollection Goodie Bag,English,,,,Commodore 64,Recollection Goodie Bag (2010)(Jazzcat),
Red Alert: Counterstrike Review,,,03.04.1997,03.04.1997,MS-DOS,Red Alert: Counterstrike Review,
Red Dwarf Diskmag,English,,01.01.1995,01.01.1995,AMIGA,Red Dwarf Diskmag #1,
Red Hell Review,,,20.05.1994,20.05.1994,MS-DOS,Red Hell Review,
Red Pepper,English,,01.01.1991,01.01.1991,Commodore 64,Red Pepper #1,
Red Press,Russian,Russia,29.08.2001,29.08.2001,ZX Spectrum,Red Press #01,
redpack,,,20.05.1994,01.10.1998,AMIGA AGA,redpack #6,
Reflex,Russian,Latvia,03.10.1997,03.10.1997,ZX Spectrum,Reflex #01,
Reflex,English,,,,Commodore 64,Reflex #3 (19xx)( ),
Reformation,English,,01.01.1993,01.10.1994,Commodore 64,"Reformation #6, Reformation 1, Reformation 10, Reformation 2, Reformation 3, Reformation 4, Reformation 5, Reformation 7, Reformation 8, Reformation 9",
Reformation Recycletion,English,,01.01.1994,07.11.1994,Commodore 64,Reformation Recycletion,
Relativity,,,22.03.1997,15.03.1998,MS-DOS,"Relativity #1, Relativity #2, Relativity #3, Relativity #4, Relativity #5, Relativity #6, Relativity #7",
Relativity Magazine,,,01.03.1997,01.03.1998,MS-DOS,"Relativity Magazine #1, Relativity Magazine #2, Relativity Magazine #3, Relativity Magazine #4, Relativity Magazine #5, Relativity Magazine #6, Relativity Magazine #7",
Relax,English,,01.01.1989,01.05.1998,Commodore 64,"Relax #23, Relax #24, Relax 1, Relax 10, Relax 11, Relax 12, Relax 13, Relax 14, Relax 15, Relax 16, Relax 17, Relax 18, Relax 19, Relax 2, Relax 20, Relax 21, Relax 22, Relax 3, Relax 4, Relax 5, Relax 6, Relax 7, Relax 8, Relax 9",
Relax 23 Winter,,,01.02.1998,01.02.1998,Commodore 64,Relax 23 Winter 1998,
Relax 24 Spring,,,13.05.1998,13.05.1998,Commodore 64,Relax 24 Spring 1998,
Relax Collection,English,,,,Commodore 64,Relax Collection (19xx)(Phuture),
Relax November ,English,,,,Commodore 64,Relax November Issue (1994 11)(Relax Magazine Staff),
Relax November Issue,,,01.01.1994,13.05.1998,Commodore 64,Relax November Issue,
Reloaded Review,,,03.04.1997,03.04.1997,MS-DOS,Reloaded Review,
Remark,English,,01.01.1990,03.04.1997,Commodore 64,"Remark #02 [fixed], Remark 1, Remark 10, Remark 11, Remark 12, Remark 13, Remark 14, Remark 15, Remark 16, Remark 17, Remark 18, Remark 2, Remark 3, Remark 4, Remark 5, Remark 6, Remark 7, Remark 8, Remark 9",
Remedy 7 Mag,,,20.07.1996,20.07.1996,AMIGA OCS/ECS,Remedy 7 Mag,
reMETA,,,01.01.2018,01.01.2022,Commodore 64,"reMETA #1, reMETA #10, reMETA #11, reMETA #12, reMETA #13, reMETA #2, reMETA #3, reMETA #4, reMETA #5, reMETA #6, reMETA #7, reMETA #7 by Lethargy, reMETA #8, reMETA #9",
Remix,English,,01.01.1993,01.04.1993,Commodore 64,Remix #2,
Reptile House magazine,,,30.04.1999,15.05.1999,MS-DOS,"Reptile House magazine #1, Reptile House magazine #2",
Reset,English,,01.01.1991,01.01.2019,Commodore 64,"Reset #02, Reset #04 [turkish], Reset #1, Reset #11 Mix-I-Disk, Reset #12 Mix-I-Disk, Reset #2",
Reset,,,20.07.1996,20.07.1996,MS-DOS,Reset 0,
Resident,,,01.06.1992,09.10.1993,AMIGA OCS/ECS,"Resident 1, Resident 2, Resident 4",
Restless,,,01.06.1997,22.04.1998,MS-DOS,"Restless #1, Restless 2",
Retro,,,01.01.1996,01.01.2003,"AMIGA OCS/ECS, AMIGA AGA, MS-DOS","Retro #2, Retro 01, Retro 1, Retro 2, Retro 3",
Retro Active,English,,01.01.1994,01.01.1994,Commodore 64,"Retro Active #1, Retro Active (1994)(The Fire Crackers)",
Return To Zork Review,,,10.06.1993,10.06.1993,MS-DOS,Return To Zork Review,
Revealed,English,,01.11.1992,01.09.1993,Commodore 64,"Revealed #2, Revealed #3, Revealed #4, Revealed 1",
Revealed 00:04,,,01.11.1994,01.11.1994,Commodore 64,Revealed 00:04,
Review,Russian,Russia,31.10.1997,31.10.1997,ZX Spectrum,Review #01,
Reviews,English,,01.01.1992,01.01.1992,Commodore 64,Reviews #1,
Revija 64,,,01.01.1992,01.01.1993,Commodore 64,"Revija 64 #1, Revija 64 #2, Revija 64 #3, Revija 64 #4",
Revista Fanzine,,,01.07.1992,01.01.1993,AMIGA OCS/ECS,"Revista Fanzine 1, Revista Fanzine 2, Revista Fanzine 3, Revista Fanzine 4, Revista Fanzine 5, Revista Fanzine 6, Revista Fanzine 7, Revista Fanzine 8",
Revival,Russian,Russia,14.06.1997,20.10.1997,ZX Spectrum,"Revival #01, Revival #02, Revival #03, Revival #04",
Revolution X Review,,,25.03.1996,25.03.1996,MS-DOS,Revolution X Review,
RGCD 2014 C64 16KB Cartridge Game Development Competition Results,,,01.01.2015,01.01.2015,Commodore 64,RGCD 2014 C64 16KB Cartridge Game Development Competition Results,
RGCDC64 16KB Cartridge Game Development Competition Results,English,,,,Commodore 64,RGCD 2014 C64 16KB Cartridge Game Development Competition Results (2015 02 27)(RGCD),
Rhythm News,English,,01.01.1993,01.01.1993,Commodore 64,"Rhythm News #1, Rhythm News #2",
RIAG,English,,,,APPLE II,"RIAG Contributor's Disk 4 Exec Utility, RIAG Volume 350 Ram Disk IIe",Internet Archive
Rift,,,06.12.1999,01.05.2000,WINDOWS,Rift #1,
RIP,Russian,Belarus,23.11.1997,10.03.2001,ZX Spectrum,"RIP #01, RIP #02, RIP #03, RIP #04, RIP #05, RIP #06, RIP #07, RIP #08, RIP #09, RIP #10, RIP #11, RIP #12, RIP #13, RIP #14, RIP #15",
Rise And Rule Of Ancient Empires Review,,,31.03.1996,31.03.1996,MS-DOS,Rise And Rule Of Ancient Empires Review,
Rise Of The Robots Review,,,14.11.1994,14.11.1994,MS-DOS,Rise Of The Robots Review,
Rock Wallaby,,,25.01.2020,25.01.2020,AMIGA OCS/ECS,Rock Wallaby 1,
Rock'n Role,English,,01.01.1990,25.01.2020,Commodore 64,"Rock'n Role #13 [ntsc], Rock'n Role #23 Preview, Rock'n Role #32, Rock'n Role #32 Bugfixed, Rock'n Role #33 by Raiders Of The Lost Empire, Rock'n Role #34, Rock'n Role 1, Rock'n Role 10, Rock'n Role 11, Rock'n Role 12, Rock'n Role 13, Rock'n Role 14, Rock'n Role 15, Rock'n Role 16, Rock'n Role 17, Rock'n Role 18, Rock'n Role 19, Rock'n Role 2, Rock'n Role 20, Rock'n Role 21, Rock'n Role 22, Rock'n Role 23, Rock'n Role 24, Rock'n Role 25, Rock'n Role 26, Rock'n Role 27, Rock'n Role 28, Rock'n Role 29, Rock'n Role 3, Rock'n Role 30, Rock'n Role 31, Rock'n Role 33, Rock'n Role 4, Rock'n Role 5, Rock'n Role 6, Rock'n Role 7, Rock'n Role 8, Rock'n Role 9",
Rockford Magazine,English,,,,Commodore 64,"Rockford Magazine 000 (19xx)( )(de)(Side B), Rockford Magazine 001 (19xx)( )(de)(Side A), Rockford Magazine 001 (19xx)( )(de)(Side B), Rockford Magazine 002 (19xx)( )(de)(Side A), Rockford Magazine 002 (19xx)( )(de)(Side B), Rockford Magazine 003 (19xx)( )(de)(Side A), Rockford Magazine 003 (19xx)( )(de)(Side B), Rockford Magazine 004 (19xx)( )(de)(Disk 1 of 2 Side A), Rockford Magazine 004 (19xx)( )(de)(Disk 1 of 2 Side B), Rockford Magazine 004 (19xx)( )(de)(Disk 2 of 2 Side A), Rockford Magazine 004 (19xx)( )(de)(Disk 2 of 2 Side B), Rockford Magazine 005 (19xx)( )(de)(Side A), Rockford Magazine 005 (19xx)( )(de)(Side B), Rockford Magazine 006 (19xx)( )(de)(Disk 1 of 2 Side A), Rockford Magazine 006 (19xx)( )(de)(Disk 1 of 2 Side B), Rockford Magazine 006 (19xx)( )(de)(Disk 2 of 2 Side A), Rockford Magazine 006 (19xx)( )(de)(Disk 2 of 2 Side B), Rockford Magazine 007 (19xx)( )(de)(Disk 1 of 2 Side A), Rockford Magazine 007 (19xx)( )(de)(Disk 1 of 2 Side B), Rockford Magazine 007 (19xx)( )(de)(Disk 2 of 2 Side A), Rockford Magazine 007 (19xx)( )(de)(Disk 2 of 2 Side B), Rockford Magazine 008 (19xx)( )(de)(Side A), Rockford Magazine 008 (19xx)( )(de)(Side B), Rockford Magazine 009 (19xx)( )(de)(Side A), Rockford Magazine 009 (19xx)( )(de)(Side B), Rockford Magazine 010 (19xx)( )(de)(Side A), Rockford Magazine 010 (19xx)( )(de)(Side B), Rockford Magazine 011 (19xx)( )(de)(Side A), Rockford Magazine 011 (19xx)( )(de)(Side B), Rockford Magazine 012 (19xx)( )(de)(Side A), Rockford Magazine 012 (19xx)( )(de)(Side B), Rockford Magazine 013 (19xx)( )(de)(Side A), Rockford Magazine 013 (19xx)( )(de)(Side B), Rockford Magazine 014 (19xx)( )(de)(Side A), Rockford Magazine 014 (19xx)( )(de)(Side B), Rockford Magazine 015 (19xx)( )(de)(Side A), Rockford Magazine 015 (19xx)( )(de)(Side B), Rockford Magazine 016 (19xx)( )(de)(Side A), Rockford Magazine 016 (19xx)( )(de)(Side B), Rockford Magazine 017 (19xx)( )(de)(Side A), Rockford Magazine 017 (19xx)( )(de)(Side B), Rockford Magazine 018 (19xx)( )(de)(Side A), Rockford Magazine 018 (19xx)( )(de)(Side B), Rockford Magazine 019 (19xx)( )(de)(Side A), Rockford Magazine 019 (19xx)( )(de)(Side B), Rockford Magazine 020 (19xx)( )(de)(Side A), Rockford Magazine 020 (19xx)( )(de)(Side B), Rockford Magazine 021 (19xx)( )(de)(Disk 1 of 2 Side A), Rockford Magazine 021 (19xx)( )(de)(Disk 1 of 2 Side B), Rockford Magazine 021 (19xx)( )(de)(Disk 2 of 2 Side A), Rockford Magazine 021 (19xx)( )(de)(Disk 2 of 2 Side B), Rockford Magazine 022 (19xx)( )(de)(Disk 1 of 4 Side A), Rockford Magazine 022 (19xx)( )(de)(Disk 1 of 4 Side B), Rockford Magazine 022 (19xx)( )(de)(Disk 2 of 4 Side A), Rockford Magazine 022 (19xx)( )(de)(Disk 2 of 4 Side B), Rockford Magazine 022 (19xx)( )(de)(Disk 3 of 4 Side A), Rockford Magazine 022 (19xx)( )(de)(Disk 3 of 4 Side B), Rockford Magazine 022 (19xx)( )(de)(Disk 4 of 4 Side A), Rockford Magazine 022 (19xx)( )(de)(Disk 4 of 4 Side B), Rockford Magazine 023 (19xx)( )(de)(Side A), Rockford Magazine 023 (19xx)( )(de)(Side B), Rockford Magazine 024 (19xx)( )(de)(Disk 1 of 2 Side A), Rockford Magazine 024 (19xx)( )(de)(Disk 1 of 2 Side B), Rockford Magazine 024 (19xx)( )(de)(Disk 2 of 2 Side A), Rockford Magazine 024 (19xx)( )(de)(Disk 2 of 2 Side B), Rockford Magazine 026 (19xx)( )(de)(Disk 1 of 2 Side A), Rockford Magazine 026 (19xx)( )(de)(Disk 1 of 2 Side B), Rockford Magazine 026 (19xx)( )(de)(Disk 2 of 2 Side A), Rockford Magazine 026 (19xx)( )(de)(Disk 2 of 2 Side B), Rockford Magazine 027 (19xx)( )(de)(Side A), Rockford Magazine 027 (19xx)( )(de)(Side B), Rockford Magazine 028 (19xx)( )(de)(Disk 1 of 2 Side A), Rockford Magazine 028 (19xx)( )(de)(Disk 1 of 2 Side B), Rockford Magazine 028 (19xx)( )(de)(Disk 2 of 2 Side A), Rockford Magazine 028 (19xx)( )(de)(Disk 2 of 2 Side B), Rockford Magazine 029 (19xx)( )(de)(Side A), Rockford Magazine 029 (19xx)( )(de)(Side B), Rockford Magazine 030 (19xx)( )(de)(Disk 1 of 2 Side A), Rockford Magazine 030 (19xx)( )(de)(Disk 1 of 2 Side B), Rockford Magazine 030 (19xx)( )(de)(Disk 2 of 2 Side A), Rockford Magazine 030 (19xx)( )(de)(Disk 2 of 2 Side B), Rockford Magazine 031 (19xx)( )(de)(Disk 1 of 2 Side A), Rockford Magazine 031 (19xx)( )(de)(Disk 1 of 2 Side B), Rockford Magazine 031 (19xx)( )(de)(Disk 2 of 2 Side A), Rockford Magazine 031 (19xx)( )(de)(Disk 2 of 2 Side B), Rockford Magazine 032 (19xx)( )(de)(Disk 1 of 3 Side A), Rockford Magazine 032 (19xx)( )(de)(Disk 1 of 3 Side B), Rockford Magazine 032 (19xx)( )(de)(Disk 2 of 3 Side A), Rockford Magazine 032 (19xx)( )(de)(Disk 2 of 3 Side B), Rockford Magazine 032 (19xx)( )(de)(Disk 3 of 3 Side A), Rockford Magazine 032 (19xx)( )(de)(Disk 3 of 3 Side B), Rockford Magazine 033 (19xx)( )(de)(Disk 1 of 5 Side A), Rockford Magazine 033 (19xx)( )(de)(Disk 1 of 5 Side B), Rockford Magazine 033 (19xx)( )(de)(Disk 2 of 5 Side A), Rockford Magazine 033 (19xx)( )(de)(Disk 2 of 5 Side B), Rockford Magazine 033 (19xx)( )(de)(Disk 3 of 5 Side A), Rockford Magazine 033 (19xx)( )(de)(Disk 3 of 5 Side B), Rockford Magazine 033 (19xx)( )(de)(Disk 4 of 5 Side A), Rockford Magazine 033 (19xx)( )(de)(Disk 4 of 5 Side B), Rockford Magazine 033 (19xx)( )(de)(Disk 5 of 5 Side A), Rockford Magazine 033 (19xx)( )(de)(Disk 5 of 5 Side B), Rockford Magazine 034 (19xx)( )(de)(Side A), Rockford Magazine 034 (19xx)( )(de)(Side B), Rockford Magazine 035 (19xx)( )(de)(Side A), Rockford Magazine 035 (19xx)( )(de)(Side B), Rockford Magazine 037 (19xx)( )(de)(Side A), Rockford Magazine 037 (19xx)( )(de)(Side B), Rockford Magazine 038 (19xx)( )(de)(Side A), Rockford Magazine 038 (19xx)( )(de)(Side B), Rockford Magazine 040 (19xx)( )(de)(Disk 1 of 5 Side A), Rockford Magazine 040 (19xx)( )(de)(Disk 1 of 5 Side B), Rockford Magazine 040 (19xx)( )(de)(Disk 2 of 5 Side A), Rockford Magazine 040 (19xx)( )(de)(Disk 2 of 5 Side B), Rockford Magazine 040 (19xx)( )(de)(Disk 3 of 5 Side A), Rockford Magazine 040 (19xx)( )(de)(Disk 3 of 5 Side B), Rockford Magazine 040 (19xx)( )(de)(Disk 4 of 5 Side A), Rockford Magazine 040 (19xx)( )(de)(Disk 4 of 5 Side B), Rockford Magazine 040 (19xx)( )(de)(Disk 5 of 5 Side A), Rockford Magazine 040 (19xx)( )(de)(Disk 5 of 5 Side B)",
Roland Garros 97 Review,,,29.05.1997,29.05.1997,MS-DOS,Roland Garros 97 Review,
Role Playing Games,,,01.01.1989,01.01.1990,Commodore 64,"Role Playing Games #01 [german], Role Playing Games #02 [german]",
ROM,,,01.08.1994,03.08.1997,"AMIGA OCS/ECS, AMIGA AGA","ROM 1, ROM 2, ROM 3, ROM 4, ROM 5, ROM 6, ROM 7, ROM 8, ROM 9",
Romain Sux,,,01.05.1996,01.05.1996,MS-DOS,Romain Sux,
Rough Ground,English,,01.01.1989,01.06.1989,Commodore 64,"Rough Ground #1, Rough Ground #2, Rough Ground #3",
Royal Information,,,01.10.1990,08.03.1991,AMIGA OCS/ECS,"Royal Information 1, Royal Information 2",
RST,Russian,Russia,25.06.1998,17.08.2002,ZX Spectrum,"RST #01, RST #02, RST #04",
RTL +,,,,,Commodore 64,RTL + #001,
RUH,,,01.05.1999,01.12.1999,AMIGA AGA,"RUH #1, RUH #2",
Rumorz,Russian,Belarus,,,ZX Spectrum,Rumorz #01,
Rumours,English,,01.01.1989,01.01.1990,Commodore 64,"Rumours #02, Rumours #03, Rumours #04, Rumours #1, Rumours #2, Rumours #5",
RUN Flagazine Extra: IQ test,Dutch,,01.07.1992,01.07.1992,,RUN Flagazine Extra: IQ test,
RUN Flagazine Extra: Puzzeldisk,Dutch,,01.12.1993,01.12.1993,,RUN Flagazine Extra: Puzzeldisk (HCC-dagen),
RUN Flagazine Extra: Special,Dutch,,01.04.1992,01.09.1992,,"RUN Flagazine Extra: Special 1, RUN Flagazine Extra: Special 2, RUN Flagazine Extra: Special 3",
RUN Flagazine Extra: Supplement 1: RUNSheet,Dutch,,01.01.1991,01.01.1991,,RUN Flagazine Extra: Supplement 1: RUNSheet,
RUN Flagazine Extra: Supplement 2: Soundwriter,Dutch,,01.09.1992,01.09.1992,,RUN Flagazine Extra: Supplement 2: Soundwriter,
RUN Flagazine Extra: The Best Of RUN 1-,Dutch,,01.11.1994,01.11.1994,,RUN Flagazine Extra: The Best Of RUN 1-12,
RUN Flagazine: Run,Dutch,,01.01.1991,01.12.1997,,"RUN Flagazine: Run 10, RUN Flagazine: Run 11, RUN Flagazine: Run 12, RUN Flagazine: Run 13, RUN Flagazine: Run 14, RUN Flagazine: Run 15, RUN Flagazine: Run 16, RUN Flagazine: Run 17, RUN Flagazine: Run 18, RUN Flagazine: Run 19, RUN Flagazine: Run 2, RUN Flagazine: Run 20, RUN Flagazine: Run 3, RUN Flagazine: Run 4, RUN Flagazine: Run 5, RUN Flagazine: Run 6, RUN Flagazine: Run 7, RUN Flagazine: Run 8, RUN Flagazine: Run 9",
"RUN Flagazine: RUN 1, het allereerste Flagazine",Dutch,,01.10.1990,01.10.1990,,"het allereerste Flagazine, RUN Flagazine: RUN 1",
Runner's World Vol. 1,,,01.01.1990,01.01.1990,Commodore 64,Runner's World Vol. 1,
Runner's World Vol. 2 / Phreaky Pholder Vol. 6,,,01.01.1990,01.01.1990,Commodore 64,Runner's World Vol. 2 / Phreaky Pholder Vol. 6,
Runtime Errors,,,26.08.2000,26.08.2000,MS-DOS,Runtime Errors,
RUSH,Russian,Ukraine,29.05.1999,30.11.1999,ZX Spectrum,"RUSH #01, RUSH #02",
Rush Hour Review,,,25.05.1997,25.05.1997,MS-DOS,Rush Hour Review,
"Russian Box, russian b.o.x.",,,23.02.1996,23.02.1996,AMIGA AGA,"Russian Box 1, russian b.o.x. #1",
Russian Reality Review,,,01.11.1996,01.12.1996,MS-DOS,"Russian Reality Review issue 1, Russian Reality Review issue 2, Russian Reality Review issue 3",
Russian Roulette,English,,01.01.1993,01.01.1993,Commodore 64,Russian Roulette #01,
Rythm News,English,,,,Commodore 64,Rythm News #01 (1993)(Raiders of the Lost Empire),
Rzeznia,,,01.01.1996,01.01.1996,AMIGA OCS/ECS,Rzeznia 1,
S.C.A.R.A.B Review,,,21.03.1997,21.03.1997,MS-DOS,S.C.A.R.A.B Review,
Sabotage,,,01.04.2000,01.12.2001,"AMIGA OCS/ECS, AMIGA AGA","Sabotage 1, Sabotage 10, Sabotage 11, Sabotage 2, Sabotage 3, Sabotage 4, Sabotage 5, Sabotage 6, Sabotage 8, Sabotage 9",
Sadism,English,,01.01.1997,01.01.1998,Commodore 64,"Sadism #1, Sadism #2",
Sagraelia,,,01.01.1996,01.01.1996,AMIGA OCS/ECS,Sagraelia,
Sam And Max Review,,,19.11.1993,19.11.1993,MS-DOS,Sam And Max Review,
Samazama '03 magazine,,,10.11.2003,10.11.2003,MS-DOS,Samazama '03 magazine,
Sanforized,English,,01.01.1991,01.07.1991,Commodore 64,"Sanforized #04, Sanforized #05",
Sanity,,,17.09.1995,17.09.1995,MS-DOS,Sanity #3,
Sapog,Russian,Russia,,,ZX Spectrum,Sapog #01,
Satanic Rites,,,01.04.1992,17.09.1995,AMIGA OCS/ECS,"Satanic Rites 1, Satanic Rites 2, Satanic Rites 3, Satanic Rites 4",
Sauce & Code,,,,,AMIGA OCS/ECS,Sauce & Code 1,
Sauce'n'Code,,,07.05.1995,07.05.1995,AMIGA OCS/ECS,Sauce'n'Code 1,
Savage,,,07.05.1995,01.02.2007,WINDOWS,"Savage 1, Savage 2, Savage 3, Savage 4, Savage 5, Savage 6, Savage 7, Savage 8, Savage 9",
Savage Charts,,,27.04.2004,01.10.2007,WINDOWS,"Savage Charts 1, Savage Charts 2, Savage Charts 3",
Savage Express,,,09.04.1994,09.04.1994,AMIGA OCS/ECS,Savage Express,
Save Da Vinyl,,,09.04.1994,01.04.2001,"AMIGA AGA, AMIGA OCS/ECS","Save Da Vinyl 10, Save Da Vinyl 12, Save Da Vinyl 13, Save Da Vinyl 14, Save Da Vinyl 15, Save Da Vinyl 16, Save Da Vinyl 21, Save Da Vinyl 24, Save Da Vinyl 6, Save Da Vinyl 7, Save Da Vinyl 8",
Saxonia,,,30.06.1998,09.08.2006,"AMIGA OCS/ECS, AMIGA AGA","Saxonia 1, Saxonia 2, Saxonia 3, Saxonia 4",
Say The True Number One,,,01.01.1989,01.01.1989,Commodore 64,Say The True Number One,
Scandal,English,,01.01.1991,01.01.1991,Commodore 64,Scandal #01,
Scandal! Prv,,,01.01.1991,01.01.1991,Commodore 64,Scandal! Prv,
Scandinavian News,,,04.07.1988,01.05.1989,AMIGA OCS/ECS,"Scandinavian News 1, Scandinavian News 10, Scandinavian News 2, Scandinavian News 3, Scandinavian News 4, Scandinavian News 5, Scandinavian News 6, Scandinavian News 7, Scandinavian News 8, Scandinavian News 9",
Scene,,,08.02.2002,25.04.2004,WINDOWS,"Scene 100, Scene 92, Scene 93, Scene 94, Scene 95, Scene 96, Scene 97, Scene 98, Scene 99",
Scene Action,,,01.01.1991,01.01.1991,Commodore 64,Scene Action #00,
Scene Lyrics,,,24.02.1992,04.06.1993,AMIGA OCS/ECS,"Scene Lyrics 1, Scene Lyrics 2, Scene Lyrics 3, Scene Lyrics 4",
Scene Machine No. 1,,,,,Commodore 64,Scene Machine No. 1,
Scene News,Russian,Russia,23.11.2000,23.11.2000,ZX Spectrum,Scene News #01,
Scene Observer,English,,01.01.1992,07.02.1993,Commodore 64,"Scene Observer #1, Scene Observer #2, Scene Observer #3, Scene Observer #4, Scene Observer #5, Scene Observer #6, Scene Observer #7",
Scene Observer Preview,English,,01.01.1992,01.01.1992,Commodore 64,Scene Observer Preview,
Scene Plus,English,,01.01.1997,01.05.1998,Commodore 64,"Scene Plus #1, Scene Plus #2",
Scene Press,English,,,,Commodore 64,"Scene Press #01 (19xx)(Action), Scene Press #04 (1990 05)(Action)",
Scene Press  March[real],English,,,,Commodore 64,Scene Press Issue March 1990 (1990 03)(Action)[real],
Scene Press Issue April 1990,,,01.01.1990,01.01.1990,Commodore 64,Scene Press Issue April 1990,
Scene Press Issue March 1990,,,01.01.1990,01.01.1990,Commodore 64,Scene Press Issue March 1990,
Scene Press Issue March 1990 (real one),,,01.01.1990,01.01.1990,Commodore 64,Scene Press Issue March 1990 (real one),
Scene Press Issue March 1990 (Speed Issue),,,01.01.1990,01.01.1990,Commodore 64,Scene Press Issue March 1990 (Speed Issue),
Scene Press Issue May 1990,,,01.01.1990,01.01.1990,Commodore 64,Scene Press Issue May 1990,
Scene Press March,English,,,,Commodore 64,Scene Press March (1990)(Action),
Scene Talk,,,01.01.1992,08.02.1999,AMIGA OCS/ECS,"Scene Talk 1, Scene Talk 2, Scene Talk 3, Scene Talk 4, Scene Talk 5, Scene Talk 6, Scene Talk 7, Scene Talk 8",
Scene Talk Preview,,,01.01.1992,01.01.1992,AMIGA OCS/ECS,Scene Talk Preview,
Scene World,English,,01.01.2001,26.11.2022,"AMIGA OCS/ECS, Commodore 64, AMIGA AGA","Scene World #25.2 (2015 09)(People of Liberty Scene World Magazine)(Side A), Scene World #27, Scene World #28, Scene World #28 Amiga, Scene World #29, Scene World #29 Amiga, Scene World #29 by Scene World Magazine and People Of Liberty, Scene World #30, Scene World #30 Amiga, Scene World #31, Scene World #32, Scene World 1, Scene World 10, Scene World 11, Scene World 12, Scene World 13, Scene World 14, Scene World 15, Scene World 16, Scene World 17, Scene World 18, Scene World 19, Scene World 2, Scene World 20, Scene World 21, Scene World 22, Scene World 23, Scene World 24, Scene World 25, Scene World 26, Scene World 3, Scene World 4, Scene World 5, Scene World 6, Scene World 7, Scene World 8, Scene World 9",
"Scene, scene",,,01.02.2002,01.06.2003,WINDOWS,"Scene#92, Scene#93, scene#94, scene#95, scene#96, scene#97, scene#98, scene#99, scene#100",
Scene+,,Austria,,,ZX Spectrum,,
Scene+,,,26.11.2022,26.11.2022,Commodore 64,Scene+ 1,
Scene-ery,,,01.11.1991,14.03.1992,AMIGA OCS/ECS,"Scene-ery 1, Scene-ery 2, Scene-ery 3",
Scene-O-Phobia,,,01.02.1992,01.02.1992,AMIGA OCS/ECS,Scene-O-Phobia 1,
scenedicate,,,01.12.2005,01.12.2005,SEGA DREAMCAST,scenedicate #01,
Scenedicate Issue,,,01.01.2006,01.01.2006,SEGA DREAMCAST,Scenedicate Issue 1,
Scenergy,Russian,Russia,01.06.1999,01.01.2006,ZX Spectrum,"Scenergy #1, Scenergy #2",
Scenial,,,01.09.1994,01.07.1997,MS-DOS,"Scenial 1, Scenial 4",
Scenial 2: The Injection,,,09.05.1996,09.05.1996,MS-DOS,Scenial 2: The Injection,
Scenial 3: The Original,,,16.01.1997,16.01.1997,MS-DOS,Scenial 3: The Original,
scenus2,,,01.04.2002,01.04.2002,WINDOWS,scenus2,
Schizophrenia,English,,01.01.1995,01.01.1995,Commodore 64,Schizophrenia #1,
Schwugi,,,01.02.1999,01.04.1999,MS-DOS,"Schwugi #1, Schwugi #2",
Scibax Demo Academy,English,,,,Commodore 64,Scibax Demo Academy (19xx)(Scibax)(Disk 1 of 3),
Scooter,,,01.01.1991,01.01.1991,Commodore 64,"Scooter #1, Scooter #2, Scooter #3",
Scope,,,01.01.1998,01.01.1998,Commodore 64,Scope #1,
Scope Premier,English,,13.10.1998,13.10.1998,Commodore 64,"Scope Premier, Scope Premier #1 (19xx)(Xenon)",
Scream,Russian,Russia,31.05.2001,26.08.2011,ZX Spectrum,"Scream #01, Scream #02, Scream #03, Scream #04, Scream #11",
Scream Pack,,,18.08.1998,18.08.1998,AMIGA AGA,Scream Pack 01,
Screamergy,,,01.09.2002,01.03.2003,ZX Spectrum,"Screamergy #00, Screamergy #01, Screamergy #02, Screamergy #03",
Screamsheet,,,18.08.1998,18.08.1998,AMIGA OCS/ECS,"Screamsheet 0, Screamsheet 1",
Scriba Communis Responsi,,,14.07.1992,11.11.1993,ATARI ST/E,"Scriba Communis Responsi Issue 1 Volume 1, Scriba Communis Responsi Issue 1 Volume 2, Scriba Communis Responsi Issue 2 Volume 1, Scriba Communis Responsi Issue 2 Volume 2",
Script,English,,01.01.1991,11.11.1993,Commodore 64,"Script #10, Script #11, Script #12, Script #13, Script #14, Script #6, Script #7, Script #8, Script #9, Script 5",
Script - Best of Script,,,01.01.1992,01.01.1992,Commodore 64,Script - Best of Script,
Scroller,Russian,Russia,,,ZX Spectrum,"Scroller #01, Scroller #02",
SCT News 02/91,,,01.01.1991,01.01.1991,Commodore 64,SCT News 02/91,
Seal Team Docs,,,18.09.1993,18.09.1993,MS-DOS,Seal Team Docs,
Sedes,English,,01.01.1995,01.01.1995,Commodore 64,"Sedes #1 (1995)(Giz), Sedes #1 [polish]",
Seek And Destroy Review,,,10.03.1996,10.03.1996,MS-DOS,Seek And Destroy Review,
"SeenPoint, Seenpoint",,,02.09.1995,01.03.2000,"AMIGA OCS/ECS, AMIGA AGA","SeenPoint 1, SeenPoint 2, SeenPoint 3, SeenPoint 4, SeenPoint 5, SeenPoint 6, Seenpoint 7, Seenpoint 8, Seenpoint 9, Seenpoint 10",
Seer,English,,,,Commodore 64,"Seer, The #1 (1995 11 20)(Vulture), The #2 (1997 01)(Vulture)",
Semtex,English,,,,Commodore 64,Semtex #2 (1995)(Fido),
Semtex News,,,01.01.1995,01.01.1996,Commodore 64,"Semtex News #001, Semtex News #002",
Sensual Newsline,English,,01.01.1990,01.01.1991,Commodore 64,"Sensual Newsline #01, Sensual Newsline #02, Sensual Newsline #03, Sensual Newsline #04, Sensual Newsline #05",
Sentinel,,,01.11.1990,28.09.1991,AMIGA OCS/ECS,"Sentinel 1, Sentinel 2, Sentinel 3",
Ser,,,28.09.1991,28.09.1991,AMIGA OCS/ECS,Ser 1,
Serious,English,,01.01.1990,01.01.1990,"Commodore 64, ATARI 8 BIT","Serious #0 (19xx)(Amok), Serious #11 Welcome Screen, Serious 1, Serious 2, Serious 3",
Serious Magazine,,,01.01.1998,01.01.2003,ATARI 8 BIT,"Serious Magazine 01, Serious Magazine 02, Serious Magazine 03, Serious Magazine 04, Serious Magazine 05, Serious Magazine 06, Serious Magazine 07, Serious Magazine 08, Serious Magazine 09, Serious Magazine 10, Serious Magazine 11, Serious Magazine 12, Serious Magazine 13, Serious Magazine 14, Serious Magazine 15, Serious Magazine 16, Serious Magazine 17",
Serious Preview,,,01.01.1990,01.01.1990,Commodore 64,Serious Preview,
Setevoy Sokol,Russian,Russia,,,ZX Spectrum,,
Seven Days,,,01.01.2005,01.10.2005,AMIGA AGA,Seven Days 1,
SEX,,,01.12.1994,01.12.1995,AMSTRAD CPC,"SEX #1, SEX #2",
Sex 'n' Crime Collection,English,,,,Commodore 64,Sex 'n' Crime Collection #01 (1989)(Amok),
Sex Mag,English,,01.01.1989,01.01.1989,Commodore 64,"Sex Mag #1, Sex Mag #2",
Sex'n'Crime,English,,01.01.1989,01.01.2005,Commodore 64,"Sex 'n' Crime #01 (1989 02)(Amok), Sex 'n' Crime #02 (1989 04)(Amok), Sex 'n' Crime #03 (1989 05 20)(Amok), Sex 'n' Crime #05 (1989 07)(Amok), Sex 'n' Crime #06 (1989 08)(Amok), Sex 'n' Crime #07 (1989 09)(Amok), Sex 'n' Crime #08 (1989 10)(Amok), Sex 'n' Crime #09 (1989 11)(Amok), Sex'n'Crime #100 - The New Generation, Sex'n'Crime 1, Sex'n'Crime 10, Sex'n'Crime 11, Sex'n'Crime 12, Sex'n'Crime 13, Sex'n'Crime 14, Sex'n'Crime 15, Sex'n'Crime 16, Sex'n'Crime 17, Sex'n'Crime 18, Sex'n'Crime 19, Sex'n'Crime 2, Sex'n'Crime 20, Sex'n'Crime 21, Sex'n'Crime 3, Sex'n'Crime 4, Sex'n'Crime 5, Sex'n'Crime 6, Sex'n'Crime 7, Sex'n'Crime 8, Sex'n'Crime 9",
Sex'n'Crime Preview,,,01.01.1989,01.01.1989,Commodore 64,Sex'n'Crime Preview,
Seznam,,,01.01.1995,01.01.1995,Commodore 64,Seznam #1995 !!!,
SF & F Anthology,,,21.11.1990,21.11.1990,ATARI ST/E,SF & F Anthology,
Sh0ck,English,,01.01.1991,18.01.1993,Commodore 64,"Sh0ck #1, Sh0ck #10, Sh0ck #11, Sh0ck #12, Sh0ck #13, Sh0ck #2, Sh0ck #3, Sh0ck #4, Sh0ck #5, Sh0ck #6, Sh0ck #7, Sh0ck #8, Sh0ck #9",
Shadow Disk News,,,01.11.1990,23.11.1990,AMIGA OCS/ECS,Shadow Disk News 1,
Shaft Today magazine,,,21.06.2001,21.06.2001,MS-DOS,Shaft Today magazine #1,
Shallow Grounds Issue,,,23.11.1990,23.11.1990,MS-DOS,Shallow Grounds Issue #1,
Shareworld,"German, English",,11.07.1994,01.08.1999,AMIGA,"Shareworld #1, Shareworld #10, Shareworld #2, Shareworld #3, Shareworld #5, Shareworld #9",
SHG 2 Zer0,,,22.05.1997,22.05.1997,ZX Spectrum,SHG 2 Zer0,
Shift,,,01.01.1998,01.01.1998,MS-DOS,Shift #8,
Shine,,,01.04.1997,15.12.1999,"MS-DOS, WINDOWS","Shine 1, Shine 2, Shine 3, Shine 4, Shine 5, Shine 6, Shine 7, Shine 8",
Shine Retro,,,01.11.1999,15.12.1999,WINDOWS,Shine Retro,
Shitstuff,,,01.01.1991,02.07.1991,Commodore 64,Shitstuff 13,
Shock,Russian,Latvia,01.01.1998,01.01.1998,ZX Spectrum,Shock #01,
ShOck,English,,01.05.1991,01.07.1992,Commodore 64,"ShOck #1, ShOck #2, ShOck #3, ShOck #4, ShOck #5, ShOck #6, ShOck #7, ShOck #8, ShOck #9, ShOck #10, ShOck #11, Shock #12 (19xx)(Censor Design), Shock #13 (1993)(Censor Design)",
Shock,,,18.12.1995,31.08.1997,"AMIGA OCS/ECS, PAPER","Shock 1, Shock 2, Shock 3, Shock 4, Shock 5",
Shock Hacks & Scanz,English,,01.01.1990,01.01.1990,Commodore 64,"Shock Hacks & Scanns #001 (19xx)(Sinister Minds at Work), Shock Hacks & Scanz #001",
Shock Issue,,,31.08.1997,31.08.1997,NINTENDO SNES/SUPER FAMICOM,"Shock Issue #01, Shock Issue #02",
Shock VMB & Crackers,English,,01.01.1990,01.01.1990,Commodore 64,Shock VMB & Crackers #001,
Shock Wave,,,01.01.1991,01.01.1991,Commodore 64,Shock Wave #02,
Shocker,Russian,Ukraine,20.01.1998,20.01.1998,ZX Spectrum,Shocker #01,
Shooter,,,01.01.1997,01.01.1997,MS-DOS,Shooter,
Short Circuit,English,,01.01.1996,01.01.1996,Commodore 64,"Short Circuit #01 [hungarian], Short Circuit #02 (19xx)(Breeze), Short Circuit #02 [hungarian], Short Circuit #03 (19xx)(Breeze), Short Circuit #03 [hungarian], Short Circuit #04 (19xx)(Breeze)",
Shout!,English,,01.01.1995,01.03.1995,Commodore 64,"Shout #01 (1995 03)(Equinoxe)(Side A), Shout! #1",
Showtime,,,01.02.1996,15.09.2008,"AMIGA OCS/ECS, AMIGA AGA, WINDOWS","Showtime 1, Showtime 10, Showtime 11, Showtime 12, Showtime 13, Showtime 14, Showtime 15, Showtime 16, Showtime 17, Showtime 18, Showtime 2, Showtime 3, Showtime 4, Showtime 5, Showtime 6, Showtime 7, Showtime 8, Showtime 9",
Shreded,English,,01.01.1993,01.05.1994,Commodore 64,"Shreded #1, Shreded #2, Shreded #3, Shreded #4, Shreded #5, Shreded #6, Shreded #7",
Shupashkar,Russian,Russia,09.10.1999,09.10.1999,ZX Spectrum,Shupashkar #02,
Shut Up,English,,01.01.1992,01.01.1993,Commodore 64,"Shut Up #05, Shut Up #08, Shut Up #10, Shut Up #13",
SibNews,Russian,Russia,27.05.2017,01.01.2018,ZX Spectrum,"SibNews #01, SibNews #02, SibNews #03, SibNews #04, SibNews #05, SibNews #06, SibNews #07, SibNews #08",
"Sid & Vic, Sid'n'Vic",,,01.01.1992,01.01.1993,Commodore 64,"Sid & Vic 1, Sid & Vic 2, Sid & Vic 3, Sid'n'Vic #1, Sid'n'Vic #2, Sid'n'Vic #3",
Sienera Online Interaktiv,,,15.03.1995,20.10.1995,ATARI FALCON,"Sienera Online Interaktiv 1, Sienera Online Interaktiv 2, Sienera Online Interaktiv 3, Sienera Online Interaktiv 4.1, Sienera Online Interaktiv 5.0, Sienera Online Interaktiv 6.0",
Sight Unseen,,,01.04.1994,18.04.1994,MS-DOS,Sight Unseen #1,
Silent Observer,English,,,,Commodore 64,Silent Observer #0,
Silesia,,,01.01.1993,03.04.1996,"AMIGA OCS/ECS, AMIGA AGA","Silesia 1, Silesia 10, Silesia 11, Silesia 12, Silesia 13, Silesia 14, Silesia 2, Silesia 3, Silesia 4, Silesia 5, Silesia 6, Silesia 7, Silesia 8, Silesia 9",
Silly Venture Souvenir,,,03.04.1996,03.04.1996,BROWSER,Silly Venture Souvenir,
Silverall Review,,,24.09.1993,24.09.1993,MS-DOS,Silverall Review,
Silverball Review,,,23.09.1993,23.09.1993,MS-DOS,Silverball Review,
Simon The Sorcerer Review,,,10.10.1993,10.10.1993,MS-DOS,Simon The Sorcerer Review,
Sinc Re-Stared,Russian,Russia,28.02.2006,28.02.2006,ZX Spectrum,"Sinc Re-Stared #01, Sinc Re-Stared #02, Sinc Re-Stared #03",
Sinclair Classic,,,,,ZX Spectrum,,
Sinclair Club,Russian,Russia,09.12.1999,31.12.2001,ZX Spectrum,"Sinclair Club #01, Sinclair Club #02, Sinclair Club #03, Sinclair Club #04, Sinclair Club #05",
Sinclair News,Russian,Russia,,,ZX Spectrum,,
Sinclair Town,Russian,Russia,31.12.1994,31.03.1995,ZX Spectrum,"Sinclair Town #01, Sinclair Town #02",
Sinister,English,,01.01.1997,01.01.1998,Commodore 64,"Sinister #03 [polish], Sinister #04 [polish], Sinister #05 (1998)(Fraction)(Disk 1 of 3), Sinister #05 [polish], Sinister #3 (1997)(Fraction)(pl)(Side A), Sinister #4 (1998)(Fraction)(pl)(Side A)",
Sinner,,,10.10.1993,01.03.2002,WINDOWS,"Sinner #1, Sinner #2",
Skansen,,,10.10.1993,10.10.1993,AMIGA OCS/ECS,Skansen 1,
Skarpedy,English,,01.01.1996,01.01.1996,Commodore 64,"Skarpedy #1 (19xx)(Quantum)(Side A), Skarpedy #1 [polish]",
Skimer,Russian,Russia,31.07.2000,30.09.2000,ZX Spectrum,"Skimer #01, Skimer #02",
Skumslik,,,01.01.1990,01.04.1990,Commodore 64,Skumslik #28,
Sky Guide magazine,,,18.10.1998,18.10.1998,MS-DOS,Sky Guide magazine,
Sky Net,Russian,Ukraine,22.08.1996,08.10.1996,ZX Spectrum,"Sky Net #01, Sky Net #02, Sky Net #03, Sky Net #04, Sky Net #05",
Skyhigh,English,,01.01.1992,01.11.1999,Commodore 64,"Skyhigh 1, Skyhigh 10, Skyhigh 11, Skyhigh 12, Skyhigh 13, Skyhigh 14, Skyhigh 15, Skyhigh 16, Skyhigh 17, Skyhigh 18, Skyhigh 19, Skyhigh 2, Skyhigh 20, Skyhigh 21, Skyhigh 3, Skyhigh 4, Skyhigh 5, Skyhigh 6, Skyhigh 7, Skyhigh 8, Skyhigh 9",
Skynet Times,,,01.11.1994,01.09.1995,Atari ST,"Skynet Times issue 2, Skynet Times issue 7",
Skynet Times Issue,,,01.01.1995,01.09.1995,ATARI ST/E,"Skynet Times Issue 1, Skynet Times Issue 2, Skynet Times Issue 3, Skynet Times Issue 4, Skynet Times Issue 5, Skynet Times Issue 6, Skynet Times Issue 7",
Skynet Times – Best Of Issues 1-5,,,01.01.1995,01.01.1995,ATARI ST/E,Skynet Times – Best Of Issues 1-5,
Slam 'N' Jam Review,,,15.03.1997,15.03.1997,MS-DOS,Slam 'N' Jam Review,
Slavemarket Preview,,,31.10.1992,31.10.1992,AMIGA OCS/ECS,Slavemarket Preview,
"Sledge Hammer, sledge hammer",,,01.12.1992,01.06.1994,"AMIGA OCS/ECS, AMIGA AGA","Sledge Hammer #10 english, sledge hammer #11, sledge hammer #12, Sledge Hammer #13 english",
Sledge Hammer 10e,,,23.10.1992,23.10.1992,AMIGA OCS/ECS,Sledge Hammer 10e,
Sledge Hammer 11E,,,23.10.1992,23.10.1992,AMIGA OCS/ECS,Sledge Hammer 11E,
Sledge Hammer 12e,,,17.12.1993,17.12.1993,AMIGA OCS/ECS,Sledge Hammer 12e,
Sledge Hammer 13E,,,19.07.1994,19.07.1994,AMIGA OCS/ECS,Sledge Hammer 13E,
Sledge Hammer 14h,,,19.07.1994,01.04.1996,AMIGA OCS/ECS,Sledge Hammer 14h,
Sledge Hammer Party 3 Special Edition,,,12.01.1994,12.01.1994,AMIGA OCS/ECS,Sledge Hammer Party 3 Special Edition,
Sledge Hammer Slide Show,,,01.01.1991,01.01.1991,AMIGA OCS/ECS,Sledge Hammer Slide Show 2,
Slime,,,07.01.1991,01.10.1991,AMIGA OCS/ECS,"Slime 1, Slime 2, Slime 3, Slime 6",
SLONECZNIK,,,01.11.2003,01.11.2003,WINDOWS,SLONECZNIK #3,
Slothmag,,,01.01.1989,01.01.1989,Commodore 64,"Slothmag #2, Slothmag #3",
Slowpoke,English,,01.01.1990,01.01.1992,Commodore 64,"Slowpoke 1, Slowpoke 2, Slowpoke 3, Slowpoke 4, Slowpoke 5, Slowpoke 6",
"SMagFX, Smag-FX",,,03.08.2018,04.07.2020,Atari ST/E,"SMagFX #1, SMagFX #2, SMagFX #3",
"SMagFX 4 - Eko Edition, SMagFX-4 - Eko Edition",,,31.12.2021,31.12.2021,ATARI ST/E,"SMagFX 4 - Eko Edition, SMagFX-4 - Eko Edition",
Smash,English,,01.01.1992,01.01.1997,Commodore 64,"Smash #1, Smash #10, Smash #11, Smash #12, Smash #13, Smash #14, Smash #2, Smash #3, Smash #4, Smash #5, Smash #6, Smash #7, Smash #8, Smash #9",
Smash News,English,,01.01.1991,01.01.1991,Commodore 64,"Smash News #1, Smash News #2",
Smash Up Preview,,,,,Commodore 64,Smash Up Preview,
Smasher,English,,01.01.1991,01.01.1991,Commodore 64,"Smasher #1, Smasher #2, Smasher #4, Smasher #5, Smasher #6",
Smeh,Russian,Russia,28.05.1997,28.05.1997,ZX Spectrum,Smeh #01,
Smiling Panda,English,,01.01.1991,08.11.1992,Commodore 64,"Smiling Panda #1 (Version 2), Smiling Panda 1, Smiling Panda 2, Smiling Panda 3, Smiling Panda 4, Smiling Panda 5",
Smok,,,01.05.1995,03.05.1995,MS-DOS,"Smok 1, Smok 2",
Smooth Criminal,English,,01.01.1989,03.05.1995,"Commodore 64, AMIGA OCS/ECS","Smooth Criminal #03 04 (1990)(Zone 45), Smooth Criminal 1, Smooth Criminal 2, Smooth Criminal 3, Smooth Criminal 4, Smooth Criminal 5, Smooth Criminal 6, Smooth Criminal 7, Smooth Criminal 8, Smooth Criminal 9",
Smooth Criminal 3 -,,,17.07.1993,17.07.1993,AMIGA OCS/ECS,Smooth Criminal 3 - 2,
Smurffi,,,01.01.1996,01.06.1997,"MS-DOS, MS-Dos/gus","Smurffi #1, Smurffi #2, Smurffi #3",
Snapshot Info,English,,,,Commodore 64,Snapshot Info #2 (1992)( ),
Sneaker,,,28.07.1999,28.07.1999,MS-DOS,Sneaker #4,
SNES Tracks - SNES Game Cheats,,,28.07.1999,28.07.1999,NINTENDO SNES/SUPER FAMICOM,SNES Tracks - SNES Game Cheats,
SNES Trainer Charts 06/94,,,01.06.1994,01.06.1994,NINTENDO SNES/SUPER FAMICOM,SNES Trainer Charts 06/94,
SNES Trainer Charts Issue 1 06/94,,,28.07.1999,28.07.1999,NINTENDO SNES/SUPER FAMICOM,SNES Trainer Charts Issue 1 06/94,
SNPFCT,English,,01.01.2009,01.01.2017,Commodore 64,"SNPFCT#1, SNPFCT#2, SNPFCT#3, SNPFCT#4, SNPFCT#5",
Soap,English,,03.12.1997,26.01.1998,MS-DOS,"Soap #1, Soap #2",
soapmag,,,01.03.1996,01.03.1996,MS-DOS,soapmag #1,
Sock-It,,,01.01.1991,20.04.1991,Commodore 64,Sock-It #1,
Soft Panorama,,,01.01.1992,01.01.1992,VECTOR-06C,Soft Panorama 1,
Softdisk Keeper,English,,01.08.1983,01.10.1983,APPLE II,"Softdisk Keeper August 1983 Side 1, Softdisk Keeper August 1983 Side 2, Softdisk Keeper October 1983 Side 1",Internet Archive
Softdisk Magazette,English,,01.01.1982,01.11.1983,APPLE II,"Softdisk Magazette April 1983 Side 1, Softdisk Magazette April 1983 Side 2, Softdisk Magazette August 1983, Softdisk Magazette June 1983 Side 1, Softdisk Magazette June 1983 Side 2, Softdisk Magazette Keeper May 1983 Side 1, Softdisk Magazette Keeper May 1983 Side 2, Softdisk Magazette Keeper November 1983 Side 1, Softdisk Magazette Keeper November 1983 Side 2, Softdisk Magazette May 1983 Side 1, Softdisk Magazette May 1983 Side 2, Softdisk Magazette November 1983 Side 1, Softdisk Magazette November 1983 Side 2, Softdisk Magazette October 1982 Side 1, Softdisk Magazette October 1982 Side 2, Softdisk Magazette October 1983 Side 1, Softdisk Magazette September 1983 Side 1, Softdisk Magazette September 1983 Side 2, Softdisk Magazette Volume 1, No. 05 (1982-01)(Softdisk)(Side A), Softdisk Magazette Volume 1, No. 05 (1982-01)(Softdisk)(Side B), Softdisk Magazette Volume 1, No. 06 (1982-02)(Softdisk)(Side A)[b], Softdisk Magazette Volume 1, No. 06 (1982-02)(Softdisk)(Side B), Softdisk Magazette Volume 1, No. 07 (1982-03)(Softdisk)(Side A), Softdisk Magazette Volume 1, No. 07 (1982-03)(Softdisk)(Side B), Softdisk Magazette Volume 1, No. 09 (1982-05)(Softdisk)(Side A), Softdisk Magazette Volume 1, No. 09 (1982-05)(Softdisk)(Side B), Softdisk Magazette Volume 1, No. 10 (1982-06)(Softdisk)(Side A), Softdisk Magazette Volume 1, No. 10 (1982-06)(Softdisk)(Side B), Softdisk Magazette Volume 1, No. 11 (1982-07)(Softdisk)(Side A), Softdisk Magazette Volume 1, No. 11 (1982-07)(Softdisk)(Side B), Softdisk Magazette Volume 1, No. 12 (1982-08)(Softdisk)(Side A), Softdisk Magazette Volume 1, No. 12 (1982-08)(Softdisk)(Side B), Softdisk Magazette Volume 2, No. 01 (1982-09)(Softdisk)(Side A), Softdisk Magazette Volume 2, No. 01 (1982-09)(Softdisk)(Side B), Softdisk Magazette Volume 2, No. 02 (1982-10)(Softdisk)(Side A), Softdisk Magazette Volume 2, No. 02 (1982-10)(Softdisk)(Side B), Softdisk Magazette Volume 2, No. 03 (1982-11)(Softdisk)(Side A), Softdisk Magazette Volume 2, No. 03 (1982-11)(Softdisk)(Side B), Softdisk Magazette Volume 2, No. 04 (1982-12)(Softdisk)(Side A), Softdisk Magazette Volume 2, No. 04 (1982-12)(Softdisk)(Side B), Softdisk Magazette Volume 2, No. 05 (1983-01)(Softdisk)(Side A), Softdisk Magazette Volume 2, No. 05 (1983-01)(Softdisk)(Side B), Softdisk Magazette Volume 2, No. 06 (1983-02)(Softdisk)(Side A), Softdisk Magazette Volume 2, No. 06 (1983-02)(Softdisk)(Side B), Softdisk Magazette Volume 2, No. 07 (1983-03)(Softdisk)(Side A), Softdisk Magazette Volume 2, No. 07 (1983-03)(Softdisk)(Side B), Softdisk Magazette Volume 2, No. 08 (1983-04)(Softdisk)(Disk 1 of 2 Side A), Softdisk Magazette Volume 2, No. 08 (1983-04)(Softdisk)(Disk 1 of 2 Side B), Softdisk Magazette Volume 2, No. 08 (1983-04)(Softdisk)(Disk 2 of 2 Side A), Softdisk Magazette Volume 2, No. 08 (1983-04)(Softdisk)(Disk 2 of 2 Side B)[unk filesys]",Internet Archive
Softdisk Magazine,English,,01.10.1981,01.09.1983,APPLE II,"Softdisk Magazine August 1982 Bonus Special Side 1, Softdisk Magazine August 1982 Bonus Special Side 2, Softdisk Magazine August 1982 Side 1, Softdisk Magazine August 1982 Side 2, Softdisk Magazine Bonus Special July 1982 Disk 1, Softdisk Magazine Bonus Special July 1982 Disk 2, Softdisk Magazine December 1981 Side 1, Softdisk Magazine December 1981 Side 2, Softdisk Magazine December 1982 Side 1, Softdisk Magazine December 1982 Side 2, Softdisk Magazine February 1982 Side 1, Softdisk Magazine February 1982 Side 2, Softdisk Magazine February 1989 Side 1, Softdisk Magazine February 1989 Side 2, Softdisk Magazine January 1982 Side 1, Softdisk Magazine January 1982 Side 2, Softdisk Magazine January 1983 Side 1, Softdisk Magazine January 1983 Side 2, Softdisk Magazine July 1982 Side 1, Softdisk Magazine July 1982 Side 2, Softdisk Magazine June 1982 Side 1, Softdisk Magazine June 1982 Side 2, Softdisk Magazine Keeper September 1983 Side 1, Softdisk Magazine Keeper September 1983 Side 2, Softdisk Magazine March 1982 Side 1, Softdisk Magazine March 1982 Side 2, Softdisk Magazine November 1981 Side 1, Softdisk Magazine November 1981 Side 2, Softdisk Magazine November 1982 Side 1, Softdisk Magazine November 1982 Side 2, Softdisk Magazine October 1981 Side 1, Softdisk Magazine October 1981 Side 2, Softdisk Magazine September 1982 Disk 1, Softdisk Magazine September 1982 Disk 2",Internet Archive
Softdisk Magizette,English,,01.07.1983,01.07.1983,APPLE II,"Softdisk Magizette July !983 Side 1, Softdisk Magizette July !983 Side 2",Internet Archive
Softdisk PC,English,,01.09.1995,01.07.1998,,"Softdisk PC #108, Softdisk PC #122, Softdisk PC #123, Softdisk PC #131, Softdisk PC #132, Softdisk PC #137, Softdisk PC #138, Softdisk PC #141",
Softdisk Special,English,,,,APPLE II,Softdisk Special Demo RIAG Contributor Disk 10,Internet Archive
Softside DV Magazine,English,,01.02.1982,01.05.1982,APPLE II,"Softside DV Magazine Issue 30 Escape From the Dungeon of the Gods SWAT Kbyter Dr Livingston, Softside DV Magazine Issue 31 CATS Puzzle Jumble Kbyter Applesoft Extensions DOS 3.3 Notice, Softside DV Magazine Issue 32 CATS 2 Operation Cloze Sabotage Kybter32, Softside DV Magazine Issue 33 Defense Shape Wizard Character Gen Note, Softside DV Magazine Issue 34 Fugue Sabotage Alphie Auto Menu, Softside DV Magazine Issue 45 Stomp Shape Play Psychedelics Apple Diskourse Paddle Color Fill, Softside DV Magazine Issue 46 Crisis Sky Fire Appleanche Death World Financial Operating System, Softside DV Magazine Volume 1 February 1982 Cover Andorra Rubicube Space Rescue, Softside DV Magazine Volume 2 March 1982 Hexapawn Program Matcher Disk Peeker Poker Gty Float, Softside DV Magazine Volume 3 April 1982 Cover Apple F.O.O.L.S. Poster Maker Semaphore Microtext, Softside DV Magazine Volume 4 May 1982 Cover Solitaire Apple F.O.O.L.S. Remark Writer",Internet Archive
Softside Magazette,English,,01.03.1983,01.05.1983,APPLE II,"Softside Magazette April 1983 Side 1, Softside Magazette April 1983 Side 2, Softside Magazette March 1983 Side 1, Softside Magazette March 1983 Side 2, Softside Magazette May 1983 Side 1, Softside Magazette May 1983 Side 2",Internet Archive
Software Chronicles Digest,,,01.11.1990,01.12.1992,MS-DOS,"Software Chronicles Digest #1, Software Chronicles Digest #10, Software Chronicles Digest #11, Software Chronicles Digest #12, Software Chronicles Digest #13, Software Chronicles Digest #14, Software Chronicles Digest #15, Software Chronicles Digest #2, Software Chronicles Digest #3, Software Chronicles Digest #4, Software Chronicles Digest #5, Software Chronicles Digest #6, Software Chronicles Digest #7, Software Chronicles Digest #8, Software Chronicles Digest #9",
Solid Matter,English,,01.01.1990,01.01.1991,Commodore 64,"Solid Matter #1, Solid Matter #2",
Solid Matter $01,,,,,Commodore 64,Solid Matter $01,
Solid Sound,English,,01.01.1990,01.05.1991,Commodore 64,"Solid Sound #001, Solid Sound #002, Solid Sound #003, Solid Sound #004, Solid Sound #005, Solid Sound #006",
Somewhere In Holland Party Report,,,01.01.1993,01.01.1993,AMIGA OCS/ECS,Somewhere In Holland Party Report,
Sonic 3: Sonic & Knuckles Review,,,09.03.1997,09.03.1997,MS-DOS,Sonic 3: Sonic & Knuckles Review,
Soporific,English,,01.01.1989,01.01.1989,Commodore 64,"Soporific #1, Soporific #2",
Sorrow News,Russian,Belarus,28.02.1998,30.04.1998,ZX Spectrum,"Sorrow News #01, Sorrow News #02, Sorrow News #03, Sorrow News #04, Sorrow News #05",
SOS Fanzine,,,09.03.1997,09.03.1997,AMSTRAD CPC,"SOS Fanzine #3, SOS Fanzine #6",
SOSG,Russian,Russia,20.10.1999,15.12.1999,ZX Spectrum,"SOSG #01, SOSG #02, SOSG #03, SOSG #04, SOSG #05, SOSG #06",
Soul News,English,,,,Commodore 64,"Soul News #03 (19xx)(Compagnions), Soul News #04 (1991 01 26)(Compagnions), Soul News #05 (1991)(Compagnions), Soul News #06 (1991)(Compagnions), Soul News #07 (1991)(Compagnions), Soul News #07 World News #07 (1991 05 30)(Compagnions), Soul News #08 (1991)(Compagnions), Soul News #09 (1991)(Compagnions), Soul News #10 (1991)(Compagnions), Soul News #11 (1992)(Compagnions)",
Soulnews,English,,01.01.1990,09.03.1997,Commodore 64,"Soulnews #1, Soulnews #10, Soulnews #11, Soulnews #2, Soulnews #3, Soulnews #4, Soulnews #5, Soulnews #6, Soulnews #7, Soulnews #8, Soulnews #9",
Soulnews Preview,English,,01.01.1990,01.01.1990,Commodore 64,Soulnews Preview (19xx)(S2S),
Sourcecode Collections List,,,01.01.1990,01.01.1990,AMIGA OCS/ECS,Sourcecode Collections List,
Southern Charts,,,01.04.1992,01.04.1992,AMIGA OCS/ECS,Southern Charts 3,
Space,,,01.03.1996,01.03.1996,MS-DOS,Space issue #1,
Space issue,,,01.04.1992,01.04.1992,MS-DOS,Space issue #1,
SPb ZX Week,Russian,Russia,20.02.1998,23.02.1998,ZX Spectrum,"SPb ZX Week #01, SPb ZX Week #02",
SPbZXNet-Pointovka,Russian,Russia,14.07.2002,14.07.2002,ZX Spectrum,SPbZXNet-Pointovka #01,
Speaker,English,,,,Commodore 64,"Speaker #2 (1993 06 27)(Vaudeville), Speaker #3 (1993 10 01)(Vaudeville), Speaker #4 (1994 02 10)(Vaudeville), Speaker #6 (1998)(Vaudeville)",
Speaker Magazine,,,01.01.1993,01.01.1998,Commodore 64,"Speaker Magazine #1 [polish], Speaker Magazine #2 [polish], Speaker Magazine #3 [polish], Speaker Magazine #4 [polish], Speaker Magazine #5 [polish], Speaker Magazine #6 [polish]",
Speaker199315 Vaudeville,English,,,,Commodore 64,Speaker 1 1993 05 15 Vaudeville,
Speccy,Russian,Russia,30.09.1995,31.12.1996,ZX Spectrum,"Speccy #01, Speccy #02, Speccy #03, Speccy #04, Speccy #05, Speccy #06, Speccy #07",
Speccy Life,Russian,Russia,19.10.1998,19.10.1998,ZX Spectrum,Speccy Life #01,
SpecInfo,Russian,Latvia,28.08.1997,26.10.1999,ZX Spectrum,"SpecInfo #01, SpecInfo #02, SpecInfo #03, SpecInfo #04, SpecInfo #05",
Spectrofon,Russian,Russia,30.11.1993,20.07.1997,ZX Spectrum,"Spectrofon #00, Spectrofon #01, Spectrofon #02, Spectrofon #03, Spectrofon #04, Spectrofon #05, Spectrofon #06, Spectrofon #07, Spectrofon #08, Spectrofon #09, Spectrofon #10, Spectrofon #11, Spectrofon #12, Spectrofon #13, Spectrofon #14, Spectrofon #15, Spectrofon #16, Spectrofon #17, Spectrofon #18, Spectrofon #19, Spectrofon #20, Spectrofon #21, Spectrofon #22, Spectrofon #23",
Spectrofun,Russian,Russia,31.03.1997,30.06.1997,ZX Spectrum,"Spectrofun #01, Spectrofun #02, Spectrofun #03",
Spectron,Russian,Russia,31.12.1994,31.12.1994,ZX Spectrum,Spectron #01,
Spectrophoby,Russian,Russia,17.08.1995,11.12.1996,ZX Spectrum,"Spectrophoby #01, Spectrophoby #02, Spectrophoby #03, Spectrophoby #04, Spectrophoby #05, Spectrophoby #06",
spectrum,,,01.12.1990,01.03.1991,MS-DOS,"spectrum issue #2, spectrum issue #3, spectrum issue #4, spectrum issue #5",
Spectrum Expert,Russian,Russia,31.10.1997,31.03.1998,ZX Spectrum,"Spectrum Expert #01, Spectrum Expert #02",
Spectrum Issue,,,01.12.1990,01.03.1991,MS-DOS,"Spectrum Issue #2, Spectrum Issue #3, Spectrum Issue #4, Spectrum Issue #5",
Spectrum Land,Russian,Russia,31.10.1996,31.10.1996,ZX Spectrum,Spectrum Land #02,
Spectrum Magazine,,,,,ZX Spectrum,,
Spectrum News,Russian,Russia,28.02.1993,28.02.1993,ZX Spectrum,Spectrum News #01,
Spectrum Progress,Russian,Russia,30.09.1996,01.04.1998,ZX Spectrum,"Spectrum Progress #01, Spectrum Progress #02, Spectrum Progress #03",
Spectrumania,Russian,Russia,,,ZX Spectrum,Spectrumania #01,
Speed,,,01.09.2001,01.05.2005,AMIGA AGA,"Speed 62, Speed 63, Speed 64",
Speed Demons Review,,,06.07.1997,06.07.1997,MS-DOS,Speed Demons Review,
Speed Haste Review,,,04.05.1996,04.05.1996,MS-DOS,Speed Haste Review,
Spetznas,,,19.07.1993,18.01.1994,MS-DOS,"Spetznas 01, Spetznas 04, Spetznas 05, Spetznas 06",
Spidy,,,18.01.1994,18.01.1994,AMIGA OCS/ECS,Spidy 5,
Spirit of Past,English,,,,Commodore 64,"Spirit of Past #1 (19xx)( ), Spirit of Past #2 (19xx)( ), Spirit of Past #3 (19xx)( ), Spirit of Past #4 (19xx)( )",
Spirou Review,,,09.04.1997,09.04.1997,MS-DOS,Spirou Review,
Spitball Dox,,,18.09.1993,18.09.1993,MS-DOS,Spitball Dox,
Spite,Russian,Belarus,10.09.1997,08.11.1997,ZX Spectrum,"Spite #01, Spite #02, Spite #03",
Splash,English,,01.01.1992,01.07.1996,"Commodore 64, MS-DOS, MS-Dos/gus","Splash #10, Splash #11, Splash #12, Splash #13, Splash #14, Splash #15, Splash #16, Splash #17, Splash #18, Splash #19, Splash #9, Splash 1, Splash 2, Splash 3, Splash 4",
Splash1993 Accuracy Side A,English,,,,Commodore 64,Splash 15 1993 Accuracy Side A,
Spotlight,English,,01.01.1991,01.11.1991,Commodore 64,"Spotlight #01, Spotlight #02, Spotlight #03",
Spotlight19xx X Ray,English,,,,Commodore 64,Spotlight 2 19xx X Ray,
Squeezils Review,,,04.03.1997,04.03.1997,MS-DOS,Squeezils Review,
ST Beermat Issue One,,,24.07.1994,24.07.1994,ATARI ST/E,ST Beermat Issue One,
ST Contact Issue,,,24.07.1994,24.07.1994,ATARI ST/E,"ST Contact Issue 1, ST Contact Issue 11, ST Contact Issue 12, ST Contact Issue 2, ST Contact Issue 3, ST Contact Issue 4, ST Contact Issue 5, ST Contact Issue 7",
ST Digital Ausgabe,,,24.07.1994,24.07.1994,ATARI ST/E,"ST Digital Ausgabe 1, ST Digital Ausgabe 2, ST Digital Ausgabe 3, ST Digital Ausgabe 4, ST Digital Ausgabe 5, ST Digital Ausgabe 6, ST Digital Ausgabe 7, ST Digital Ausgabe 8",
ST Erotica,,,01.10.1991,24.07.1994,"ATARI ST/E, Atari ST","ST Erotica, ST Erotica 2",
ST Highway Issue,,,24.07.1994,01.01.1997,ATARI ST/E,"ST Highway Issue 1, ST Highway Issue 2, ST Highway Issue 3, ST Highway Issue 4, ST Highway Issue 5, ST Highway Issue 6, ST Highway Issue 7, ST Highway Issue 8",
ST News - Volume 1 Compendium,,,18.01.1987,18.01.1987,ATARI ST/E,ST News - Volume 1 Compendium,
ST News,,,26.07.1986,26.07.1996,ATARI ST/E,"ST News - Volume 1 Issue 1, ST News - Volume 1 Issue 2, ST News - Volume 1 Issue 3, ST News - Volume 1 Issue 4, ST News - Volume 1 Issue 5, ST News - Volume 1 Issue 6, ST News - Volume 2 Issue 1, ST News - Volume 2 Issue 2, ST News - Volume 2 Issue 3, ST News - Volume 2 Issue 4, ST News - Volume 2 Issue 5, ST News - Volume 2 Issue 6, ST News - Volume 2 Issue 7, ST News - Volume 2 Issue 8, ST News - Volume 3 Issue 1, ST News - Volume 3 Issue 2, ST News - Volume 3 Issue 3, ST News - Volume 3 Issue 4, ST News - Volume 3 Issue 5, ST News - Volume 3 Issue 6, ST News - Volume 3 Issue 7, ST News - Volume 4 Issue 1, ST News - Volume 4 Issue 2, ST News - Volume 4 Issue 3, ST News - Volume 4 Issue 4, ST News - Volume 5 Issue 1, ST News - Volume 5 Issue 2, ST News - Volume 6 Issue 1, ST News - Volume 6 Issue 2, ST News - Volume 7 Issue 1, ST News - Volume 7 Issue 2, ST News - Volume 7 Issue 3, ST News - Volume 8 Issue 1, ST News - Volume 8 Issue 2, ST News - Volume 9 Issue 1, ST News - Volume 9 Issue 2, ST News - Volume 9 Issue 3, ST News - Volume 10 Issue 1, ST News - Volume 10 Issue 2, ST News - Volume 11 Issue 1&2",
ST News - Volume 2 Compendium,,,23.01.1988,23.01.1988,ATARI ST/E,ST News - Volume 2 Compendium,
ST News - Volume 3 Compendium,,,31.12.1988,31.12.1988,ATARI ST/E,ST News - Volume 3 Compendium,
ST News – Final Compendium,,,11.03.1990,11.03.1990,ATARI ST/E,ST News – Final Compendium,
ST Plus Issue,,,07.01.1996,31.05.1997,ATARI ST/E,"ST Plus Issue 1, ST Plus Issue 10, ST Plus Issue 11, ST Plus Issue 12, ST Plus Issue 13, ST Plus Issue 14, ST Plus Issue 15, ST Plus Issue 16, ST Plus Issue 17, ST Plus Issue 18, ST Plus Issue 19, ST Plus Issue 2, ST Plus Issue 20, ST Plus Issue 21, ST Plus Issue 22, ST Plus Issue 23, ST Plus Issue 24, ST Plus Issue 3, ST Plus Issue 4, ST Plus Issue 5, ST Plus Issue 6, ST Plus Issue 7, ST Plus Issue 8, ST Plus Issue 9",
ST World Issue,,,01.01.1995,11.06.1996,ATARI ST/E,"ST World Issue 1, ST World Issue 2, ST World Issue 3, ST World Issue 4, ST World Issue 5",
